feature,used_for_kmeans,reason
Q1_1,True,디지털 적응 수준 핵심 변수
Q1_2,True,디지털 적응 수준 핵심 변수
Q2K2_1,True,디지털 적응 수준 핵심 변수
Q2K2_2,True,디지털 적응 수준 핵심 변수
Q3,True,디지털 적응 수준 핵심 변수
Q4B_1_1,True,디지털 적응 수준 핵심 변수
Q4B_2_1,True,디지털 적응 수준 핵심 변수
Q4C_1,True,디지털 적응 수준 핵심 변수
Q4C_2,True,디지털 적응 수준 핵심 변수
Q5_1,True,디지털 적응 수준 핵심 변수
Q5_2,True,디지털 적응 수준 핵심 변수
Q5_3,True,디지털 적응 수준 핵심 변수
Q5_4,True,디지털 적응 수준 핵심 변수
Q5_5,True,디지털 적응 수준 핵심 변수
Q6_1,True,디지털 적응 수준 핵심 변수
Q6_2,True,디지털 적응 수준 핵심 변수
Q6_3,True,디지털 적응 수준 핵심 변수
Q6_4,True,디지털 적응 수준 핵심 변수
Q6_5,True,디지털 적응 수준 핵심 변수
Q6_6,True,디지털 적응 수준 핵심 변수
Q6_7,True,디지털 적응 수준 핵심 변수
Q7_1,True,디지털 적응 수준 핵심 변수
Q7_2,True,디지털 적응 수준 핵심 변수
Q7_3,True,디지털 적응 수준 핵심 변수
Q7_4,True,디지털 적응 수준 핵심 변수
Q7_5,True,디지털 적응 수준 핵심 변수
Q7_6,True,디지털 적응 수준 핵심 변수
Q7_7,True,디지털 적응 수준 핵심 변수
Q8_1,True,디지털 적응 수준 핵심 변수
Q8_2,True,디지털 적응 수준 핵심 변수
Q8_3,True,디지털 적응 수준 핵심 변수
Q8_4,True,디지털 적응 수준 핵심 변수
Q8_5,True,디지털 적응 수준 핵심 변수
Q8_6,True,디지털 적응 수준 핵심 변수
Q8_7,True,디지털 적응 수준 핵심 변수
Q8_8,True,디지털 적응 수준 핵심 변수
Q8_9,True,디지털 적응 수준 핵심 변수
Q9_1,True,디지털 적응 수준 핵심 변수
Q9_2,True,디지털 적응 수준 핵심 변수
Q9_3,True,디지털 적응 수준 핵심 변수
Q9_4,True,디지털 적응 수준 핵심 변수
Q9_5,True,디지털 적응 수준 핵심 변수
Q9_6,True,디지털 적응 수준 핵심 변수
Q9_7,True,디지털 적응 수준 핵심 변수
Q9_8,True,디지털 적응 수준 핵심 변수
Q9_9,True,디지털 적응 수준 핵심 변수
Q10,True,디지털 적응 수준 핵심 변수
Q11_1,True,디지털 적응 수준 핵심 변수
Q11_2,True,디지털 적응 수준 핵심 변수
Q11_3,True,디지털 적응 수준 핵심 변수
Q12A_1,True,디지털 적응 수준 핵심 변수
Q12A_2,True,디지털 적응 수준 핵심 변수
Q12A_3,True,디지털 적응 수준 핵심 변수
Q12A_4,True,디지털 적응 수준 핵심 변수
Q12B_1,True,디지털 적응 수준 핵심 변수
Q12B_2,True,디지털 적응 수준 핵심 변수
Q12B_3,True,디지털 적응 수준 핵심 변수
Q12B_4,True,디지털 적응 수준 핵심 변수
Q13A_1,True,디지털 적응 수준 핵심 변수
Q13A_2,True,디지털 적응 수준 핵심 변수
Q13A_3,True,디지털 적응 수준 핵심 변수
Q13A_4,True,디지털 적응 수준 핵심 변수
Q13A_5,True,디지털 적응 수준 핵심 변수
Q13B_1,True,디지털 적응 수준 핵심 변수
Q13B_2,True,디지털 적응 수준 핵심 변수
Q13B_3,True,디지털 적응 수준 핵심 변수
Q13B_4,True,디지털 적응 수준 핵심 변수
Q13B_5,True,디지털 적응 수준 핵심 변수
Q14A_1,True,디지털 적응 수준 핵심 변수
Q14A_2,True,디지털 적응 수준 핵심 변수
Q14A_3,True,디지털 적응 수준 핵심 변수
Q14A_4,True,디지털 적응 수준 핵심 변수
Q14A_5,True,디지털 적응 수준 핵심 변수
Q14B_1,True,디지털 적응 수준 핵심 변수
Q14B_2,True,디지털 적응 수준 핵심 변수
Q14B_3,True,디지털 적응 수준 핵심 변수
Q14B_4,True,디지털 적응 수준 핵심 변수
Q14B_5,True,디지털 적응 수준 핵심 변수
Q15A_1,True,디지털 적응 수준 핵심 변수
Q15A_2,True,디지털 적응 수준 핵심 변수
Q15B_1,True,디지털 적응 수준 핵심 변수
Q15B_2,True,디지털 적응 수준 핵심 변수
Q16A_1,True,디지털 적응 수준 핵심 변수
Q16A_2,True,디지털 적응 수준 핵심 변수
Q16B_1,True,디지털 적응 수준 핵심 변수
Q16B_2,True,디지털 적응 수준 핵심 변수
Q17A_1,True,디지털 적응 수준 핵심 변수
Q17A_2,True,디지털 적응 수준 핵심 변수
Q17A_3,True,디지털 적응 수준 핵심 변수
Q17A_4,True,디지털 적응 수준 핵심 변수
Q17B_1,True,디지털 적응 수준 핵심 변수
Q17B_2,True,디지털 적응 수준 핵심 변수
Q17B_3,True,디지털 적응 수준 핵심 변수
Q17B_4,True,디지털 적응 수준 핵심 변수
Q18A_1,True,디지털 적응 수준 핵심 변수
Q18A_2,True,디지털 적응 수준 핵심 변수
Q18A_3,True,디지털 적응 수준 핵심 변수
Q18A_4,True,디지털 적응 수준 핵심 변수
Q18B_1,True,디지털 적응 수준 핵심 변수
Q18B_2,True,디지털 적응 수준 핵심 변수
Q18B_3,True,디지털 적응 수준 핵심 변수
Q18B_4,True,디지털 적응 수준 핵심 변수
Q19_1,True,디지털 적응 수준 핵심 변수
Q19_2,True,디지털 적응 수준 핵심 변수
Q19_3,True,디지털 적응 수준 핵심 변수
Q19_4,True,디지털 적응 수준 핵심 변수
Q19_5,True,디지털 적응 수준 핵심 변수
Q20_1,False,해석/외부검증용 또는 비단조/정책요구 변수
Q20_2,False,해석/외부검증용 또는 비단조/정책요구 변수
Q20_3,False,해석/외부검증용 또는 비단조/정책요구 변수
Q20_4,False,해석/외부검증용 또는 비단조/정책요구 변수
Q20_5,False,해석/외부검증용 또는 비단조/정책요구 변수
Q20_6,False,해석/외부검증용 또는 비단조/정책요구 변수
Q20_7,False,해석/외부검증용 또는 비단조/정책요구 변수
Q20_8,False,해석/외부검증용 또는 비단조/정책요구 변수
Q20_9,False,해석/외부검증용 또는 비단조/정책요구 변수
Q20_10,False,해석/외부검증용 또는 비단조/정책요구 변수
Q21_1,False,해석/외부검증용 또는 비단조/정책요구 변수
Q21_2,False,해석/외부검증용 또는 비단조/정책요구 변수
Q21_3,False,해석/외부검증용 또는 비단조/정책요구 변수
Q21_4,False,해석/외부검증용 또는 비단조/정책요구 변수
Q22_1,False,해석/외부검증용 또는 비단조/정책요구 변수
Q22_2,False,해석/외부검증용 또는 비단조/정책요구 변수
Q22_3,False,해석/외부검증용 또는 비단조/정책요구 변수
Q22_4,False,해석/외부검증용 또는 비단조/정책요구 변수
Q23_1,False,해석/외부검증용 또는 비단조/정책요구 변수
Q23_2,False,해석/외부검증용 또는 비단조/정책요구 변수
Q23_3,False,해석/외부검증용 또는 비단조/정책요구 변수
Q23_4,False,해석/외부검증용 또는 비단조/정책요구 변수
Q23_5,False,해석/외부검증용 또는 비단조/정책요구 변수
Q23_6,False,해석/외부검증용 또는 비단조/정책요구 변수
Q23_7,False,해석/외부검증용 또는 비단조/정책요구 변수
Q23_8,False,해석/외부검증용 또는 비단조/정책요구 변수
Q24_1,False,해석/외부검증용 또는 비단조/정책요구 변수
Q24_2,False,해석/외부검증용 또는 비단조/정책요구 변수
Q24_3,False,해석/외부검증용 또는 비단조/정책요구 변수
Q24_4,False,해석/외부검증용 또는 비단조/정책요구 변수
Q24_5,False,해석/외부검증용 또는 비단조/정책요구 변수
Q25,False,해석/외부검증용 또는 비단조/정책요구 변수
Q26_1,False,해석/외부검증용 또는 비단조/정책요구 변수
Q26_2,False,해석/외부검증용 또는 비단조/정책요구 변수
Q26_3,False,해석/외부검증용 또는 비단조/정책요구 변수
Q26_4,False,해석/외부검증용 또는 비단조/정책요구 변수
Q26_5,False,해석/외부검증용 또는 비단조/정책요구 변수
Q26_6,False,해석/외부검증용 또는 비단조/정책요구 변수
Q26_7,False,해석/외부검증용 또는 비단조/정책요구 변수
Q26_8,False,해석/외부검증용 또는 비단조/정책요구 변수
Q26_9,False,해석/외부검증용 또는 비단조/정책요구 변수
Q26_10,False,해석/외부검증용 또는 비단조/정책요구 변수
Q26_11,False,해석/외부검증용 또는 비단조/정책요구 변수
Q26_12,False,해석/외부검증용 또는 비단조/정책요구 변수
Q28_1,False,해석/외부검증용 또는 비단조/정책요구 변수
Q28_2,False,해석/외부검증용 또는 비단조/정책요구 변수
Q28_3,False,해석/외부검증용 또는 비단조/정책요구 변수
Q28_4,False,해석/외부검증용 또는 비단조/정책요구 변수
Q28_5,False,해석/외부검증용 또는 비단조/정책요구 변수
Q28_6,False,해석/외부검증용 또는 비단조/정책요구 변수
Q28_7,False,해석/외부검증용 또는 비단조/정책요구 변수
Q29_1,False,해석/외부검증용 또는 비단조/정책요구 변수
Q29_2,False,해석/외부검증용 또는 비단조/정책요구 변수
Q29_3,False,해석/외부검증용 또는 비단조/정책요구 변수
Q29_4,False,해석/외부검증용 또는 비단조/정책요구 변수
Q29_5,False,해석/외부검증용 또는 비단조/정책요구 변수
Q29_6,False,해석/외부검증용 또는 비단조/정책요구 변수
Q29_7,False,해석/외부검증용 또는 비단조/정책요구 변수
Q29_8,False,해석/외부검증용 또는 비단조/정책요구 변수
Q29_9,False,해석/외부검증용 또는 비단조/정책요구 변수
Q29_10,False,해석/외부검증용 또는 비단조/정책요구 변수
Q30,False,해석/외부검증용 또는 비단조/정책요구 변수
Q31_1,False,해석/외부검증용 또는 비단조/정책요구 변수
Q31_2,False,해석/외부검증용 또는 비단조/정책요구 변수
Q31_3,False,해석/외부검증용 또는 비단조/정책요구 변수
Q31_4,False,해석/외부검증용 또는 비단조/정책요구 변수
AI_인지,True,디지털 적응 수준 핵심 변수
AI_사용빈도,True,디지털 적응 수준 핵심 변수
AI_도움정도,True,디지털 적응 수준 핵심 변수
