row_id,GROUP,YEAR,Q1_1,Q1_2,Q2K2_1,Q2K2_2,Q3,Q4B_1_1,Q4B_2_1,Q4C_1,Q4C_2,Q5_1,Q5_2,Q5_3,Q5_4,Q5_5,Q6_1,Q6_2,Q6_3,Q6_4,Q6_5,Q6_6,Q6_7,Q7_1,Q7_2,Q7_3,Q7_4,Q7_5,Q7_6,Q7_7,Q8_1,Q8_2,Q8_3,Q8_4,Q8_5,Q8_6,Q8_7,Q8_8,Q8_9,Q9_1,Q9_2,Q9_3,Q9_4,Q9_5,Q9_6,Q9_7,Q9_8,Q9_9,Q10,Q11_1,Q11_2,Q11_3,Q12A_1,Q12A_2,Q12A_3,Q12A_4,Q12B_1,Q12B_2,Q12B_3,Q12B_4,Q13A_1,Q13A_2,Q13A_3,Q13A_4,Q13A_5,Q13B_1,Q13B_2,Q13B_3,Q13B_4,Q13B_5,Q14A_1,Q14A_2,Q14A_3,Q14A_4,Q14A_5,Q14B_1,Q14B_2,Q14B_3,Q14B_4,Q14B_5,Q15A_1,Q15A_2,Q15B_1,Q15B_2,Q16A_1,Q16A_2,Q16B_1,Q16B_2,Q17A_1,Q17A_2,Q17A_3,Q17A_4,Q17B_1,Q17B_2,Q17B_3,Q17B_4,Q18A_1,Q18A_2,Q18A_3,Q18A_4,Q18B_1,Q18B_2,Q18B_3,Q18B_4,Q19_1,Q19_2,Q19_3,Q19_4,Q19_5,Q20_1,Q20_2,Q20_3,Q20_4,Q20_5,Q20_6,Q20_7,Q20_8,Q20_9,Q20_10,Q21_1,Q21_2,Q21_3,Q21_4,Q22_1,Q22_2,Q22_3,Q22_4,Q23_1,Q23_2,Q23_3,Q23_4,Q23_5,Q23_6,Q23_7,Q23_8,Q24_1,Q24_2,Q24_3,Q24_4,Q24_5,Q25,Q26_1,Q26_2,Q26_3,Q26_4,Q26_5,Q26_6,Q26_7,Q26_8,Q26_9,Q26_10,Q26_11,Q26_12,Q28_1,Q28_2,Q28_3,Q28_4,Q28_5,Q28_6,Q28_7,Q29_1,Q29_2,Q29_3,Q29_4,Q29_5,Q29_6,Q29_7,Q29_8,Q29_9,Q29_10,Q30,Q31_1,Q31_2,Q31_3,Q31_4,AI_인지,AI_사용빈도,AI_도움정도,연령,성별,직업,학력,가구구성형태,가구소득,거주지역,cluster,digital_stage,digital_stage_name,actual,pred,is_correct,actual_stage,pred_stage
25182,저소득층,2024,1,1,0,0,1,1,1,2.0,2.0,2.0,2.0,3.0,3.0,3.0,3.0,2.0,1.0,3.0,3.0,3.0,3.0,3.0,3.0,3.0,2.0,3.0,3.0,3.0,3.0,3.0,2.0,2.0,3.0,3.0,2.0,1.0,1.0,3.0,3.0,2.0,2.0,2.0,3.0,3.0,2.0,2.0,1.0,0.0,30.0,0.0,1.0,1.0,1.0,1.0,3.0,1.0,3.0,1.0,1.0,2.0,1.0,1.0,1.0,3.0,1.0,1.0,1.0,1.0,1.0,1.0,1.0,1.0,1.0,1.0,1.0,1.0,1.0,1.0,1.0,1.0,1.0,1.0,1.0,1.0,1.0,1.0,1.0,1.0,1.0,1.0,1.0,1.0,1.0,1.0,1.0,1.0,1.0,1.0,1.0,1.0,1.0,1.0,1.0,1.0,1.0,1.0,1.0,3.0,3.0,4.0,3.0,4.0,4.0,3.0,1.0,3.0,3.0,3.0,4.0,4.0,3.0,3.0,2.0,1.0,2.0,3.0,3.0,4.0,3.0,3.0,4.0,2.0,3.0,1.0,2.0,3.0,3.0,3.0,1.0,2.0,2.0,1.0,2.0,3.0,3.0,2.0,2.0,3.0,3.0,2.0,2.0,0,0,0,0,0,0,0,2.0,2.0,3.0,3.0,2.0,2.0,3.0,3.0,2.0,2.0,4.0,1,1,1,0,8,10,18.0,64.0,2.0,11.0,3.0,2.0,2.0,2.0,0,1,2단계_부분_적응,1,0,False,2,1
25224,장애인,2025,0,0,0,0,1,0,0,3.0,3.0,2.0,3.0,3.0,3.0,3.0,3.0,2.0,2.0,3.0,2.0,2.0,2.0,3.0,3.0,2.0,3.0,3.0,2.0,2.0,2.0,2.0,2.0,2.0,2.0,3.0,3.0,3.0,2.0,2.0,2.0,2.0,2.0,2.0,2.0,2.0,2.0,2.0,2.0,0.0,0.0,0.0,1.0,1.0,1.0,1.0,3.0,2.0,3.0,1.0,1.0,1.0,1.0,1.0,1.0,2.0,3.0,2.0,2.0,1.0,1.0,1.0,1.0,1.0,1.0,3.0,3.0,3.0,2.0,2.0,1.0,1.0,2.0,2.0,1.0,1.0,3.0,2.0,1.0,1.0,1.0,1.0,2.0,1.0,1.0,1.0,1.0,1.0,1.0,1.0,1.0,1.0,2.0,2.0,2.0,1.0,1.0,1.0,3.0,3.0,3.0,3.0,3.0,3.0,3.0,2.0,2.0,2.0,2.0,3.0,3.0,3.0,3.0,2.0,2.0,2.0,3.0,2.0,2.0,2.0,2.0,3.0,3.0,2.0,2.0,2.0,2.0,2.0,2.0,2.0,2.0,2.0,2.0,2.0,2.0,2.0,2.0,2.0,2.0,2.0,2.0,2.0,2.0,0,0,0,0,0,0,1,3.0,3.0,3.0,3.0,3.0,3.0,3.0,2.0,3.0,3.0,3.0,0,1,0,0,8,11,19.0,5.0,2.0,14.0,3.0,2.0,3.0,1.0,0,1,2단계_부분_적응,1,0,False,2,1
25265,일반국민,2025,1,0,0,0,1,1,0,2.0,3.0,2.0,4.0,3.0,3.0,2.0,4.0,3.0,4.0,2.0,2.0,1.0,2.0,3.0,3.0,2.0,3.0,3.0,2.0,3.0,3.0,1.0,1.0,1.0,1.0,1.0,4.0,4.0,3.0,3.0,1.0,1.0,1.0,1.0,1.0,1.0,1.0,2.0,1.0,10.0,30.0,0.0,1.0,1.0,1.0,1.0,4.0,1.0,3.0,3.0,1.0,1.0,1.0,1.0,1.0,4.0,4.0,1.0,3.0,1.0,3.0,1.0,1.0,1.0,2.0,4.0,2.0,1.0,1.0,2.0,1.0,1.0,2.0,2.0,2.0,2.0,3.0,3.0,1.0,1.0,1.0,1.0,1.0,1.0,1.0,1.0,1.0,1.0,1.0,1.0,1.0,1.0,1.0,3.0,1.0,1.0,1.0,1.0,4.0,3.0,3.0,4.0,3.0,3.0,4.0,3.0,3.0,3.0,3.0,4.0,4.0,4.0,3.0,3.0,3.0,4.0,3.0,3.0,3.0,3.0,4.0,4.0,4.0,3.0,2.0,3.0,4.0,3.0,3.0,4.0,2.0,3.0,4.0,3.0,3.0,4.0,4.0,4.0,3.0,3.0,3.0,3.0,3.0,0,0,0,0,0,0,0,3.0,4.0,3.0,3.0,3.0,4.0,4.0,3.0,3.0,3.0,4.0,1,0,0,0,1,3,27.0,5.0,2.0,5.0,3.0,2.0,5.0,9.0,0,1,2단계_부분_적응,1,0,False,2,1
25285,저소득층,2024,0,0,0,0,1,0,0,2.0,2.0,3.0,2.0,3.0,3.0,3.0,2.0,3.0,3.0,2.0,3.0,1.0,2.0,2.0,3.0,3.0,3.0,1.0,2.0,3.0,2.0,2.0,2.0,2.0,2.0,3.0,2.0,2.0,2.0,2.0,3.0,3.0,2.0,2.0,2.0,2.0,3.0,2.0,2.0,0.0,30.0,0.0,1.0,1.0,1.0,1.0,3.0,2.0,3.0,1.0,1.0,1.0,1.0,1.0,1.0,2.0,3.0,2.0,2.0,1.0,1.0,1.0,1.0,1.0,1.0,3.0,3.0,3.0,2.0,2.0,1.0,1.0,2.0,2.0,1.0,1.0,3.0,2.0,1.0,1.0,1.0,1.0,2.0,1.0,1.0,1.0,1.0,1.0,1.0,1.0,1.0,1.0,2.0,2.0,2.0,1.0,1.0,1.0,3.0,2.0,3.0,2.0,2.0,2.0,2.0,3.0,3.0,1.0,2.0,3.0,3.0,2.0,3.0,3.0,2.0,2.0,3.0,2.0,2.0,2.0,1.0,3.0,2.0,3.0,1.0,3.0,2.0,3.0,2.0,2.0,2.0,2.0,3.0,2.0,1.0,2.0,2.0,3.0,1.0,2.0,2.0,1.0,2.0,0,0,0,0,0,0,0,2.0,1.0,2.0,3.0,3.0,2.0,2.0,2.0,3.0,2.0,3.0,0,1,0,0,0,0,17.0,61.0,2.0,11.0,2.0,2.0,2.0,11.0,0,1,2단계_부분_적응,1,0,False,2,1
25371,저소득층,2024,1,1,1,0,1,0,0,2.0,2.0,3.0,3.0,1.0,2.0,2.0,1.0,1.0,2.0,1.0,3.0,1.0,2.0,3.0,4.0,3.0,3.0,3.0,3.0,3.0,2.0,3.0,3.0,2.0,2.0,3.0,3.0,4.0,2.0,3.0,2.0,3.0,3.0,4.0,2.0,3.0,3.0,2.0,1.0,10.0,0.0,0.0,3.0,1.0,3.0,1.0,1.0,1.0,1.0,1.0,1.0,1.0,3.0,1.0,1.0,1.0,1.0,1.0,1.0,1.0,3.0,1.0,1.0,1.0,1.0,3.0,1.0,1.0,1.0,1.0,2.0,1.0,1.0,1.0,1.0,1.0,1.0,1.0,1.0,1.0,2.0,1.0,1.0,1.0,1.0,1.0,2.0,1.0,1.0,1.0,1.0,1.0,1.0,1.0,2.0,1.0,1.0,1.0,1.0,3.0,2.0,2.0,2.0,2.0,3.0,2.0,3.0,1.0,2.0,3.0,3.0,4.0,3.0,3.0,2.0,3.0,2.0,3.0,2.0,3.0,4.0,4.0,3.0,3.0,2.0,3.0,3.0,2.0,3.0,3.0,2.0,1.0,2.0,2.0,1.0,1.0,2.0,2.0,1.0,1.0,1.0,1.0,2.0,0,0,0,0,0,0,0,2.0,3.0,3.0,2.0,2.0,2.0,3.0,2.0,3.0,2.0,2.0,1,0,0,0,1,3,13.0,16.0,2.0,12.0,2.0,2.0,3.0,3.0,0,1,2단계_부분_적응,1,0,False,2,1
25496,일반국민,2025,0,0,1,1,1,1,1,2.0,2.0,1.0,3.0,3.0,4.0,1.0,3.0,3.0,2.0,3.0,3.0,2.0,3.0,4.0,4.0,4.0,4.0,4.0,2.0,4.0,4.0,2.0,3.0,3.0,3.0,4.0,4.0,4.0,4.0,3.0,2.0,2.0,2.0,3.0,3.0,3.0,3.0,3.0,1.0,5.0,30.0,10.0,2.0,2.0,2.0,2.0,4.0,2.0,3.0,2.0,1.0,1.0,1.0,1.0,3.0,2.0,3.0,1.0,2.0,3.0,2.0,2.0,2.0,3.0,2.0,4.0,4.0,4.0,2.0,3.0,2.0,2.0,3.0,3.0,2.0,2.0,4.0,2.0,1.0,1.0,1.0,1.0,1.0,1.0,1.0,1.0,3.0,1.0,2.0,3.0,2.0,1.0,3.0,4.0,2.0,2.0,3.0,1.0,3.0,4.0,4.0,4.0,4.0,4.0,2.0,2.0,2.0,3.0,2.0,3.0,3.0,3.0,2.0,2.0,2.0,2.0,3.0,3.0,3.0,3.0,3.0,3.0,3.0,2.0,3.0,3.0,2.0,3.0,3.0,3.0,1.0,3.0,3.0,2.0,2.0,3.0,2.0,2.0,3.0,3.0,4.0,4.0,4.0,0,0,0,0,0,0,0,3.0,4.0,3.0,3.0,3.0,4.0,2.0,3.0,4.0,2.0,4.0,0,1,1,0,8,21,24.0,4.0,2.0,3.0,4.0,3.0,7.0,1.0,0,1,2단계_부분_적응,1,2,False,2,3
25548,장애인,2025,0,0,1,1,1,0,0,3.0,3.0,3.0,3.0,4.0,3.0,4.0,2.0,3.0,3.0,3.0,1.0,2.0,1.0,3.0,2.0,3.0,3.0,3.0,2.0,2.0,2.0,1.0,1.0,2.0,3.0,3.0,3.0,3.0,2.0,2.0,2.0,1.0,2.0,2.0,2.0,3.0,2.0,2.0,1.0,0.0,20.0,0.0,1.0,1.0,1.0,1.0,3.0,3.0,2.0,1.0,1.0,1.0,1.0,1.0,1.0,2.0,3.0,2.0,2.0,2.0,1.0,1.0,1.0,1.0,1.0,2.0,3.0,2.0,1.0,1.0,1.0,1.0,2.0,2.0,1.0,1.0,1.0,2.0,1.0,1.0,1.0,1.0,1.0,1.0,2.0,1.0,1.0,1.0,1.0,1.0,1.0,2.0,1.0,1.0,1.0,3.0,2.0,2.0,3.0,3.0,2.0,3.0,2.0,3.0,3.0,4.0,3.0,2.0,2.0,3.0,3.0,2.0,2.0,3.0,2.0,2.0,2.0,3.0,2.0,3.0,3.0,2.0,2.0,3.0,2.0,1.0,1.0,1.0,3.0,2.0,2.0,1.0,2.0,2.0,2.0,1.0,1.0,2.0,1.0,2.0,2.0,2.0,1.0,0,0,0,0,0,0,0,2.0,2.0,3.0,2.0,2.0,3.0,3.0,2.0,3.0,2.0,4.0,1,0,0,0,3,5,27.0,4.0,2.0,9.0,3.0,1.0,2.0,9.0,0,1,2단계_부분_적응,1,0,False,2,1
25655,농어민,2025,1,0,0,0,1,0,0,3.0,3.0,3.0,2.0,2.0,3.0,3.0,1.0,1.0,1.0,1.0,1.0,1.0,1.0,4.0,3.0,1.0,4.0,4.0,1.0,1.0,1.0,1.0,2.0,1.0,1.0,1.0,4.0,3.0,3.0,4.0,4.0,4.0,2.0,4.0,3.0,4.0,4.0,4.0,1.0,0.0,30.0,0.0,1.0,1.0,1.0,1.0,4.0,1.0,3.0,1.0,1.0,1.0,1.0,1.0,1.0,1.0,4.0,1.0,1.0,1.0,1.0,1.0,1.0,1.0,1.0,4.0,1.0,2.0,1.0,1.0,1.0,1.0,1.0,1.0,1.0,1.0,1.0,1.0,1.0,1.0,1.0,1.0,1.0,1.0,1.0,1.0,1.0,1.0,1.0,1.0,1.0,1.0,2.0,1.0,1.0,1.0,1.0,1.0,3.0,3.0,4.0,3.0,4.0,4.0,3.0,4.0,3.0,3.0,3.0,4.0,3.0,3.0,3.0,4.0,3.0,3.0,3.0,2.0,1.0,3.0,3.0,2.0,2.0,3.0,1.0,1.0,2.0,2.0,2.0,1.0,1.0,3.0,3.0,4.0,2.0,3.0,3.0,4.0,3.0,3.0,3.0,3.0,3.0,0,0,0,0,0,0,0,4.0,4.0,3.0,4.0,4.0,4.0,4.0,3.0,3.0,4.0,4.0,0,1,0,0,8,10,25.0,5.0,1.0,6.0,1.0,1.0,1.0,16.0,0,1,2단계_부분_적응,1,0,False,2,1
25728,저소득층,2025,1,0,0,0,1,0,0,2.0,3.0,2.0,2.0,2.0,3.0,2.0,3.0,3.0,2.0,3.0,3.0,3.0,2.0,3.0,3.0,3.0,2.0,3.0,2.0,3.0,2.0,2.0,2.0,2.0,3.0,2.0,3.0,2.0,2.0,2.0,2.0,3.0,3.0,2.0,2.0,2.0,2.0,2.0,3.0,0.0,0.0,0.0,1.0,1.0,1.0,1.0,3.0,2.0,3.0,1.0,1.0,1.0,1.0,1.0,1.0,2.0,3.0,2.0,2.0,1.0,1.0,1.0,1.0,1.0,1.0,3.0,3.0,3.0,2.0,2.0,1.0,1.0,2.0,2.0,1.0,1.0,3.0,2.0,1.0,1.0,1.0,1.0,2.0,1.0,1.0,1.0,1.0,1.0,1.0,1.0,1.0,1.0,2.0,2.0,2.0,1.0,1.0,1.0,3.0,3.0,3.0,3.0,3.0,3.0,4.0,2.0,3.0,3.0,2.0,3.0,3.0,2.0,3.0,3.0,3.0,2.0,3.0,3.0,4.0,3.0,4.0,3.0,3.0,3.0,3.0,1.0,1.0,2.0,2.0,2.0,2.0,2.0,1.0,2.0,1.0,1.0,2.0,2.0,2.0,2.0,2.0,1.0,2.0,0,0,0,0,0,0,0,3.0,4.0,3.0,4.0,3.0,3.0,4.0,3.0,4.0,3.0,4.0,1,0,0,0,0,0,18.0,5.0,2.0,4.0,3.0,2.0,2.0,16.0,0,1,2단계_부분_적응,1,0,False,2,1
25834,일반국민,2024,1,0,0,0,1,0,0,2.0,1.0,2.0,3.0,2.0,1.0,1.0,2.0,2.0,2.0,2.0,1.0,1.0,1.0,3.0,3.0,2.0,4.0,3.0,3.0,2.0,3.0,2.0,3.0,2.0,1.0,3.0,3.0,3.0,3.0,2.0,1.0,2.0,2.0,1.0,2.0,1.0,2.0,2.0,1.0,5.0,30.0,0.0,2.0,1.0,3.0,2.0,3.0,2.0,3.0,2.0,1.0,1.0,1.0,1.0,1.0,2.0,3.0,1.0,2.0,2.0,1.0,1.0,1.0,1.0,1.0,3.0,3.0,3.0,2.0,2.0,1.0,1.0,2.0,3.0,1.0,1.0,3.0,1.0,1.0,1.0,1.0,1.0,2.0,1.0,2.0,1.0,1.0,1.0,1.0,1.0,2.0,2.0,2.0,2.0,2.0,1.0,2.0,2.0,3.0,3.0,3.0,3.0,4.0,3.0,4.0,3.0,3.0,3.0,3.0,3.0,3.0,4.0,3.0,3.0,2.0,2.0,3.0,2.0,3.0,3.0,4.0,3.0,3.0,3.0,2.0,2.0,2.0,4.0,3.0,3.0,2.0,2.0,3.0,2.0,3.0,2.0,4.0,3.0,3.0,2.0,3.0,3.0,3.0,0,0,0,1,1,0,0,3.0,2.0,3.0,2.0,3.0,2.0,3.0,3.0,3.0,3.0,4.0,0,1,1,0,5,6,17.0,64.0,1.0,4.0,2.0,2.0,4.0,3.0,0,1,2단계_부분_적응,1,0,False,2,1
25845,농어민,2025,1,0,1,1,1,1,0,1.0,1.0,3.0,2.0,2.0,2.0,2.0,1.0,1.0,1.0,1.0,1.0,1.0,1.0,3.0,3.0,2.0,3.0,3.0,3.0,3.0,3.0,2.0,1.0,1.0,1.0,3.0,3.0,3.0,3.0,2.0,2.0,2.0,2.0,2.0,2.0,3.0,2.0,2.0,1.0,15.0,30.0,20.0,2.0,2.0,2.0,3.0,3.0,2.0,3.0,2.0,1.0,1.0,1.0,1.0,1.0,3.0,3.0,1.0,1.0,1.0,1.0,1.0,1.0,1.0,1.0,3.0,3.0,3.0,3.0,2.0,1.0,1.0,1.0,1.0,1.0,1.0,1.0,1.0,1.0,1.0,1.0,1.0,1.0,1.0,1.0,1.0,1.0,1.0,1.0,1.0,1.0,1.0,1.0,2.0,1.0,1.0,1.0,1.0,3.0,3.0,3.0,3.0,3.0,4.0,2.0,2.0,3.0,3.0,3.0,3.0,3.0,3.0,3.0,3.0,3.0,2.0,3.0,3.0,3.0,3.0,4.0,4.0,3.0,3.0,3.0,3.0,3.0,4.0,3.0,3.0,2.0,3.0,2.0,2.0,3.0,2.0,3.0,3.0,3.0,3.0,3.0,3.0,2.0,0,1,0,0,0,0,0,3.0,2.0,3.0,2.0,3.0,3.0,3.0,2.0,3.0,3.0,3.0,0,1,0,0,2,4,23.0,5.0,1.0,6.0,3.0,2.0,5.0,9.0,0,1,2단계_부분_적응,1,0,False,2,1
25881,장애인,2024,1,0,0,0,1,0,0,3.0,2.0,2.0,3.0,3.0,2.0,3.0,2.0,2.0,3.0,2.0,2.0,2.0,2.0,2.0,2.0,2.0,3.0,3.0,3.0,3.0,2.0,2.0,2.0,2.0,2.0,2.0,2.0,2.0,3.0,2.0,2.0,2.0,2.0,3.0,2.0,2.0,2.0,2.0,1.0,30.0,30.0,0.0,3.0,2.0,2.0,2.0,3.0,2.0,2.0,2.0,4.0,3.0,2.0,2.0,2.0,4.0,3.0,2.0,2.0,2.0,2.0,2.0,2.0,3.0,2.0,2.0,2.0,2.0,3.0,2.0,2.0,2.0,2.0,2.0,3.0,2.0,3.0,2.0,2.0,2.0,2.0,2.0,2.0,2.0,2.0,2.0,2.0,2.0,1.0,2.0,2.0,2.0,2.0,2.0,1.0,1.0,1.0,1.0,1.0,2.0,3.0,3.0,2.0,3.0,3.0,2.0,3.0,2.0,2.0,3.0,3.0,2.0,3.0,3.0,3.0,2.0,2.0,2.0,2.0,2.0,1.0,3.0,2.0,2.0,2.0,1.0,1.0,2.0,1.0,1.0,2.0,2.0,2.0,3.0,2.0,2.0,1.0,2.0,2.0,2.0,2.0,3.0,2.0,1,1,1,0,0,0,1,3.0,2.0,3.0,2.0,2.0,2.0,3.0,2.0,3.0,2.0,3.0,0,1,1,0,8,13,18.0,47.0,1.0,14.0,3.0,2.0,4.0,16.0,0,1,2단계_부분_적응,1,2,False,2,3
25922,일반국민,2025,0,0,1,0,1,1,1,3.0,3.0,3.0,2.0,2.0,3.0,2.0,3.0,3.0,2.0,3.0,3.0,2.0,3.0,3.0,3.0,4.0,3.0,3.0,2.0,2.0,3.0,3.0,3.0,2.0,3.0,4.0,4.0,4.0,3.0,3.0,3.0,3.0,2.0,2.0,3.0,3.0,3.0,2.0,1.0,10.0,25.0,5.0,3.0,2.0,2.0,3.0,2.0,2.0,2.0,3.0,2.0,4.0,2.0,3.0,2.0,1.0,3.0,3.0,2.0,2.0,3.0,3.0,3.0,2.0,3.0,2.0,3.0,3.0,2.0,3.0,1.0,1.0,1.0,1.0,2.0,2.0,2.0,2.0,2.0,2.0,2.0,1.0,1.0,2.0,1.0,1.0,2.0,2.0,1.0,2.0,2.0,1.0,1.0,2.0,2.0,1.0,2.0,1.0,4.0,3.0,3.0,3.0,4.0,3.0,3.0,2.0,3.0,3.0,3.0,3.0,4.0,4.0,3.0,3.0,3.0,3.0,4.0,3.0,4.0,3.0,3.0,4.0,3.0,4.0,3.0,3.0,3.0,3.0,3.0,4.0,1.0,2.0,2.0,2.0,2.0,3.0,3.0,3.0,3.0,2.0,3.0,3.0,3.0,1,0,1,1,1,0,0,4.0,4.0,3.0,3.0,2.0,2.0,2.0,4.0,3.0,3.0,4.0,1,1,0,1,5,5,25.0,5.0,1.0,4.0,3.0,2.0,7.0,9.0,0,1,2단계_부분_적응,1,2,False,2,3
26177,고령층,2025,1,0,0,0,1,0,0,2.0,2.0,2.0,2.0,2.0,3.0,2.0,2.0,2.0,2.0,2.0,2.0,2.0,2.0,3.0,3.0,2.0,2.0,2.0,2.0,2.0,2.0,2.0,2.0,2.0,2.0,2.0,3.0,3.0,2.0,2.0,2.0,2.0,2.0,2.0,2.0,2.0,2.0,2.0,1.0,0.0,30.0,0.0,1.0,1.0,1.0,1.0,3.0,2.0,2.0,2.0,1.0,1.0,1.0,1.0,1.0,2.0,3.0,2.0,2.0,2.0,1.0,1.0,1.0,1.0,1.0,3.0,2.0,2.0,2.0,2.0,1.0,1.0,2.0,3.0,1.0,1.0,2.0,2.0,1.0,1.0,1.0,1.0,2.0,2.0,2.0,2.0,1.0,1.0,1.0,1.0,2.0,2.0,2.0,2.0,2.0,2.0,2.0,2.0,4.0,3.0,3.0,3.0,4.0,4.0,2.0,2.0,2.0,3.0,3.0,3.0,3.0,3.0,2.0,2.0,2.0,2.0,2.0,3.0,3.0,3.0,3.0,3.0,3.0,3.0,3.0,2.0,3.0,3.0,3.0,2.0,2.0,2.0,2.0,2.0,2.0,2.0,2.0,2.0,2.0,2.0,3.0,2.0,3.0,0,1,0,1,1,0,0,3.0,3.0,2.0,3.0,3.0,3.0,2.0,3.0,2.0,2.0,3.0,1,0,0,0,1,2,18.0,2.0,1.0,9.0,3.0,2.0,4.0,1.0,0,1,2단계_부분_적응,1,0,False,2,1
26192,일반국민,2025,0,1,0,1,1,0,0,2.0,2.0,4.0,4.0,4.0,4.0,4.0,3.0,2.0,3.0,3.0,3.0,3.0,3.0,3.0,3.0,3.0,3.0,3.0,2.0,3.0,3.0,3.0,3.0,3.0,3.0,3.0,3.0,3.0,3.0,3.0,3.0,3.0,2.0,3.0,3.0,3.0,3.0,3.0,1.0,10.0,30.0,5.0,3.0,3.0,3.0,1.0,4.0,2.0,3.0,2.0,2.0,2.0,2.0,2.0,2.0,4.0,4.0,4.0,4.0,2.0,2.0,2.0,2.0,2.0,2.0,4.0,4.0,4.0,2.0,2.0,1.0,1.0,2.0,2.0,1.0,1.0,2.0,2.0,2.0,2.0,1.0,1.0,2.0,2.0,1.0,2.0,1.0,1.0,1.0,1.0,2.0,2.0,2.0,2.0,3.0,1.0,3.0,3.0,3.0,3.0,3.0,3.0,3.0,3.0,4.0,3.0,4.0,3.0,3.0,4.0,4.0,4.0,4.0,4.0,4.0,4.0,4.0,3.0,3.0,2.0,3.0,3.0,3.0,3.0,3.0,3.0,3.0,3.0,3.0,3.0,1.0,2.0,2.0,2.0,2.0,3.0,3.0,2.0,2.0,3.0,3.0,3.0,3.0,0,0,0,0,0,0,0,4.0,4.0,4.0,4.0,4.0,4.0,4.0,3.0,4.0,4.0,2.0,0,0,1,0,4,13,24.0,3.0,2.0,4.0,4.0,1.0,3.0,11.0,0,1,2단계_부분_적응,1,2,False,2,3
26437,저소득층,2025,1,0,0,0,1,0,0,2.0,3.0,2.0,2.0,3.0,3.0,2.0,3.0,3.0,3.0,3.0,4.0,3.0,3.0,4.0,4.0,4.0,4.0,4.0,4.0,4.0,4.0,3.0,3.0,3.0,3.0,3.0,3.0,3.0,3.0,4.0,3.0,3.0,3.0,3.0,2.0,3.0,3.0,3.0,1.0,0.0,30.0,0.0,1.0,3.0,3.0,3.0,3.0,3.0,3.0,3.0,1.0,1.0,1.0,1.0,1.0,3.0,4.0,2.0,3.0,3.0,3.0,1.0,2.0,3.0,2.0,3.0,3.0,2.0,3.0,1.0,1.0,1.0,3.0,3.0,1.0,1.0,3.0,3.0,2.0,3.0,3.0,2.0,3.0,2.0,3.0,3.0,1.0,1.0,1.0,1.0,3.0,2.0,3.0,3.0,3.0,1.0,2.0,1.0,3.0,4.0,3.0,4.0,3.0,3.0,2.0,3.0,3.0,3.0,3.0,3.0,3.0,3.0,4.0,3.0,3.0,3.0,3.0,2.0,1.0,3.0,3.0,3.0,3.0,2.0,2.0,2.0,2.0,2.0,2.0,1.0,1.0,4.0,3.0,3.0,3.0,3.0,4.0,2.0,3.0,3.0,3.0,3.0,3.0,0,0,0,0,0,0,0,3.0,4.0,3.0,3.0,3.0,2.0,3.0,3.0,4.0,3.0,3.0,0,0,1,1,5,13,27.0,1.0,2.0,12.0,2.0,2.0,2.0,12.0,0,1,2단계_부분_적응,1,2,False,2,3
26519,고령층,2024,1,0,0,0,1,0,0,2.0,2.0,3.0,1.0,1.0,4.0,3.0,1.0,1.0,2.0,2.0,3.0,2.0,2.0,2.0,3.0,2.0,3.0,2.0,2.0,2.0,3.0,3.0,2.0,3.0,4.0,3.0,3.0,2.0,3.0,3.0,2.0,2.0,2.0,3.0,2.0,2.0,2.0,3.0,1.0,5.0,20.0,0.0,3.0,1.0,1.0,1.0,3.0,1.0,3.0,1.0,1.0,1.0,1.0,1.0,1.0,3.0,2.0,3.0,1.0,1.0,1.0,1.0,1.0,1.0,1.0,3.0,1.0,1.0,1.0,1.0,1.0,1.0,3.0,3.0,1.0,1.0,4.0,3.0,1.0,1.0,1.0,1.0,1.0,1.0,1.0,1.0,1.0,1.0,1.0,1.0,1.0,1.0,1.0,1.0,1.0,1.0,1.0,1.0,2.0,3.0,2.0,2.0,3.0,3.0,3.0,3.0,3.0,3.0,3.0,3.0,3.0,1.0,2.0,2.0,2.0,2.0,3.0,2.0,2.0,2.0,2.0,3.0,1.0,2.0,1.0,3.0,3.0,2.0,2.0,3.0,2.0,1.0,1.0,2.0,2.0,3.0,2.0,2.0,2.0,1.0,2.0,2.0,2.0,0,0,0,0,0,0,0,3.0,2.0,3.0,2.0,2.0,2.0,3.0,2.0,2.0,2.0,4.0,1,1,0,0,0,0,11.0,63.0,1.0,14.0,3.0,2.0,5.0,15.0,0,1,2단계_부분_적응,1,0,False,2,1
26592,일반국민,2025,0,0,1,1,1,0,0,3.0,3.0,3.0,2.0,3.0,3.0,1.0,3.0,2.0,3.0,3.0,2.0,3.0,3.0,3.0,3.0,3.0,3.0,3.0,3.0,3.0,3.0,3.0,3.0,2.0,2.0,3.0,3.0,3.0,3.0,3.0,3.0,3.0,3.0,3.0,2.0,2.0,3.0,3.0,1.0,25.0,30.0,15.0,2.0,2.0,2.0,1.0,2.0,2.0,2.0,1.0,2.0,3.0,2.0,2.0,2.0,2.0,3.0,2.0,2.0,2.0,2.0,3.0,2.0,2.0,1.0,2.0,3.0,2.0,2.0,1.0,2.0,2.0,2.0,2.0,2.0,3.0,2.0,3.0,2.0,2.0,1.0,1.0,2.0,2.0,1.0,1.0,2.0,2.0,2.0,2.0,2.0,2.0,2.0,2.0,2.0,2.0,2.0,2.0,3.0,2.0,2.0,3.0,2.0,3.0,3.0,3.0,2.0,3.0,3.0,3.0,2.0,3.0,3.0,3.0,3.0,2.0,3.0,2.0,2.0,2.0,2.0,3.0,3.0,3.0,2.0,2.0,2.0,2.0,2.0,2.0,1.0,3.0,2.0,2.0,3.0,3.0,2.0,3.0,2.0,3.0,3.0,3.0,3.0,0,0,0,0,0,0,0,3.0,3.0,2.0,3.0,3.0,3.0,2.0,3.0,3.0,3.0,4.0,0,1,0,0,6,12,21.0,3.0,1.0,4.0,3.0,2.0,6.0,1.0,0,1,2단계_부분_적응,1,2,False,2,3
26601,일반국민,2024,0,1,0,1,1,0,0,3.0,2.0,3.0,2.0,3.0,2.0,1.0,3.0,3.0,2.0,3.0,4.0,2.0,3.0,3.0,4.0,3.0,4.0,3.0,3.0,3.0,4.0,3.0,3.0,3.0,3.0,3.0,4.0,4.0,3.0,3.0,3.0,3.0,3.0,3.0,2.0,3.0,3.0,3.0,1.0,3.0,30.0,0.0,2.0,1.0,2.0,2.0,2.0,2.0,4.0,2.0,2.0,2.0,2.0,2.0,2.0,3.0,4.0,2.0,2.0,2.0,2.0,2.0,2.0,2.0,1.0,2.0,3.0,2.0,2.0,1.0,2.0,2.0,2.0,2.0,2.0,2.0,4.0,3.0,2.0,1.0,2.0,2.0,2.0,1.0,2.0,2.0,2.0,1.0,2.0,2.0,2.0,1.0,2.0,3.0,2.0,1.0,3.0,2.0,3.0,3.0,3.0,3.0,2.0,2.0,3.0,2.0,3.0,3.0,2.0,4.0,4.0,3.0,3.0,3.0,3.0,3.0,3.0,2.0,3.0,2.0,2.0,3.0,3.0,3.0,3.0,2.0,2.0,3.0,3.0,2.0,1.0,3.0,3.0,3.0,3.0,3.0,4.0,3.0,3.0,3.0,3.0,4.0,3.0,0,0,0,0,0,0,0,4.0,3.0,3.0,2.0,3.0,3.0,3.0,2.0,3.0,3.0,4.0,0,0,0,1,7,14,27.0,15.0,1.0,12.0,1.0,2.0,4.0,9.0,0,1,2단계_부분_적응,1,2,False,2,3
26607,일반국민,2024,0,0,0,0,1,0,0,2.0,2.0,3.0,2.0,1.0,2.0,1.0,1.0,1.0,1.0,1.0,2.0,2.0,2.0,3.0,3.0,2.0,2.0,2.0,2.0,2.0,2.0,2.0,2.0,2.0,3.0,2.0,2.0,3.0,3.0,3.0,3.0,1.0,1.0,3.0,3.0,2.0,2.0,2.0,1.0,0.0,30.0,0.0,1.0,1.0,1.0,1.0,2.0,2.0,3.0,2.0,1.0,1.0,1.0,1.0,1.0,3.0,2.0,3.0,3.0,3.0,1.0,1.0,1.0,1.0,1.0,2.0,2.0,3.0,2.0,3.0,1.0,1.0,2.0,2.0,1.0,1.0,2.0,2.0,1.0,1.0,1.0,1.0,3.0,2.0,3.0,3.0,1.0,1.0,1.0,1.0,2.0,2.0,3.0,3.0,3.0,1.0,1.0,1.0,3.0,1.0,1.0,3.0,3.0,3.0,1.0,3.0,3.0,2.0,2.0,3.0,3.0,3.0,3.0,3.0,3.0,3.0,3.0,3.0,3.0,3.0,4.0,3.0,3.0,3.0,3.0,3.0,3.0,3.0,3.0,3.0,1.0,3.0,4.0,3.0,4.0,4.0,3.0,3.0,3.0,3.0,3.0,3.0,3.0,0,0,0,0,0,0,0,3.0,3.0,3.0,3.0,3.0,4.0,4.0,4.0,3.0,3.0,3.0,0,1,1,0,1,4,21.0,48.0,2.0,3.0,3.0,2.0,11.0,12.0,0,1,2단계_부분_적응,1,0,False,2,1
26632,일반국민,2024,1,1,1,0,1,0,1,1.0,3.0,4.0,2.0,3.0,3.0,2.0,4.0,4.0,3.0,4.0,4.0,3.0,4.0,3.0,4.0,3.0,4.0,4.0,3.0,4.0,4.0,4.0,3.0,4.0,3.0,4.0,3.0,3.0,4.0,4.0,4.0,3.0,4.0,4.0,4.0,3.0,3.0,4.0,1.0,15.0,30.0,0.0,3.0,1.0,1.0,1.0,2.0,2.0,3.0,1.0,1.0,3.0,1.0,2.0,3.0,1.0,3.0,1.0,1.0,2.0,3.0,3.0,2.0,2.0,3.0,4.0,2.0,3.0,2.0,3.0,3.0,1.0,2.0,1.0,4.0,2.0,3.0,1.0,1.0,2.0,1.0,1.0,1.0,1.0,1.0,1.0,2.0,1.0,2.0,1.0,2.0,1.0,1.0,2.0,3.0,2.0,1.0,2.0,2.0,3.0,4.0,2.0,3.0,3.0,3.0,2.0,2.0,2.0,3.0,4.0,3.0,4.0,3.0,4.0,4.0,4.0,3.0,3.0,3.0,4.0,4.0,3.0,4.0,3.0,3.0,3.0,4.0,3.0,3.0,3.0,2.0,2.0,2.0,3.0,3.0,2.0,3.0,2.0,3.0,4.0,3.0,3.0,2.0,0,0,0,0,0,0,0,3.0,4.0,3.0,3.0,4.0,4.0,3.0,4.0,2.0,3.0,2.0,0,1,0,0,0,0,24.0,28.0,1.0,4.0,4.0,2.0,4.0,15.0,0,1,2단계_부분_적응,1,2,False,2,3
26740,고령층,2025,0,0,0,0,1,1,1,2.0,3.0,2.0,3.0,3.0,3.0,1.0,1.0,1.0,1.0,1.0,2.0,2.0,1.0,3.0,3.0,2.0,1.0,1.0,2.0,2.0,3.0,2.0,2.0,3.0,1.0,2.0,3.0,3.0,3.0,3.0,1.0,1.0,2.0,2.0,3.0,1.0,2.0,2.0,1.0,0.0,27.0,0.0,1.0,1.0,1.0,1.0,3.0,1.0,3.0,3.0,1.0,1.0,1.0,1.0,1.0,3.0,2.0,2.0,3.0,2.0,1.0,1.0,1.0,1.0,1.0,3.0,2.0,3.0,1.0,2.0,1.0,1.0,3.0,3.0,1.0,1.0,3.0,3.0,1.0,1.0,1.0,1.0,3.0,3.0,2.0,2.0,1.0,1.0,1.0,1.0,3.0,2.0,3.0,3.0,3.0,2.0,2.0,1.0,3.0,3.0,4.0,3.0,2.0,2.0,3.0,4.0,3.0,3.0,3.0,4.0,3.0,3.0,3.0,2.0,2.0,2.0,3.0,3.0,3.0,2.0,3.0,4.0,3.0,3.0,2.0,3.0,3.0,4.0,2.0,3.0,1.0,3.0,2.0,2.0,1.0,1.0,2.0,2.0,3.0,2.0,2.0,3.0,1.0,0,0,0,0,0,0,0,3.0,2.0,3.0,3.0,2.0,2.0,2.0,3.0,4.0,3.0,4.0,1,0,0,0,3,11,22.0,1.0,1.0,8.0,3.0,2.0,4.0,12.0,0,1,2단계_부분_적응,1,0,False,2,1
26759,고령층,2024,0,0,0,0,1,0,0,2.0,2.0,3.0,1.0,1.0,3.0,1.0,1.0,1.0,1.0,1.0,1.0,3.0,1.0,3.0,1.0,2.0,3.0,3.0,3.0,3.0,3.0,1.0,3.0,2.0,2.0,3.0,3.0,3.0,3.0,3.0,2.0,3.0,3.0,2.0,2.0,3.0,3.0,2.0,3.0,0.0,30.0,0.0,1.0,1.0,1.0,1.0,3.0,2.0,3.0,1.0,1.0,1.0,1.0,1.0,1.0,2.0,3.0,2.0,2.0,1.0,1.0,1.0,1.0,1.0,1.0,3.0,3.0,3.0,2.0,2.0,1.0,1.0,2.0,2.0,1.0,1.0,3.0,2.0,1.0,1.0,1.0,1.0,2.0,1.0,1.0,1.0,1.0,1.0,1.0,1.0,1.0,1.0,2.0,2.0,2.0,1.0,1.0,1.0,3.0,3.0,3.0,3.0,3.0,3.0,3.0,3.0,3.0,3.0,3.0,3.0,3.0,3.0,3.0,3.0,3.0,3.0,3.0,3.0,3.0,3.0,3.0,3.0,3.0,3.0,3.0,3.0,3.0,3.0,3.0,3.0,2.0,2.0,2.0,2.0,2.0,2.0,2.0,2.0,2.0,2.0,2.0,2.0,2.0,0,0,0,0,0,0,0,3.0,3.0,3.0,3.0,3.0,3.0,3.0,3.0,3.0,3.0,3.0,1,0,0,0,2,4,15.0,58.0,2.0,14.0,3.0,1.0,3.0,17.0,0,1,2단계_부분_적응,1,0,False,2,1
26784,일반국민,2024,1,0,1,0,1,1,1,1.0,1.0,3.0,4.0,2.0,3.0,2.0,2.0,2.0,3.0,3.0,3.0,2.0,3.0,3.0,3.0,3.0,4.0,2.0,3.0,2.0,2.0,1.0,2.0,2.0,2.0,3.0,3.0,2.0,3.0,2.0,1.0,2.0,2.0,2.0,2.0,1.0,2.0,2.0,1.0,10.0,25.0,0.0,1.0,1.0,1.0,1.0,3.0,2.0,3.0,3.0,1.0,1.0,1.0,1.0,1.0,2.0,4.0,2.0,2.0,2.0,1.0,1.0,1.0,1.0,1.0,3.0,1.0,2.0,2.0,2.0,1.0,1.0,1.0,1.0,1.0,1.0,1.0,1.0,1.0,1.0,1.0,1.0,1.0,1.0,1.0,1.0,1.0,1.0,1.0,1.0,1.0,1.0,1.0,1.0,1.0,1.0,1.0,1.0,1.0,1.0,3.0,4.0,3.0,3.0,4.0,3.0,3.0,4.0,3.0,3.0,4.0,3.0,3.0,3.0,4.0,3.0,2.0,3.0,3.0,4.0,3.0,3.0,4.0,3.0,2.0,3.0,4.0,3.0,4.0,3.0,2.0,2.0,1.0,2.0,1.0,2.0,1.0,2.0,1.0,2.0,2.0,2.0,1.0,1,0,1,0,0,0,0,1.0,1.0,1.0,1.0,2.0,1.0,1.0,1.0,2.0,1.0,4.0,1,1,0,0,1,1,27.0,17.0,1.0,12.0,2.0,2.0,6.0,13.0,0,1,2단계_부분_적응,1,0,False,2,1
26954,장애인,2024,0,0,0,0,1,0,0,2.0,2.0,4.0,3.0,3.0,2.0,1.0,4.0,4.0,4.0,4.0,4.0,3.0,2.0,4.0,4.0,4.0,4.0,4.0,3.0,4.0,4.0,4.0,4.0,4.0,4.0,4.0,4.0,4.0,4.0,4.0,4.0,4.0,4.0,4.0,3.0,3.0,3.0,3.0,1.0,22.0,30.0,0.0,2.0,3.0,2.0,1.0,3.0,3.0,3.0,1.0,2.0,3.0,2.0,2.0,2.0,2.0,4.0,2.0,2.0,2.0,2.0,2.0,2.0,2.0,2.0,3.0,3.0,3.0,2.0,2.0,2.0,2.0,3.0,3.0,3.0,2.0,3.0,2.0,1.0,1.0,1.0,1.0,1.0,1.0,1.0,1.0,1.0,1.0,1.0,1.0,2.0,1.0,1.0,2.0,3.0,1.0,3.0,2.0,3.0,3.0,3.0,4.0,3.0,3.0,2.0,3.0,2.0,2.0,2.0,3.0,4.0,3.0,4.0,3.0,3.0,4.0,3.0,3.0,3.0,3.0,3.0,3.0,3.0,4.0,1.0,3.0,2.0,3.0,2.0,2.0,1.0,3.0,2.0,3.0,3.0,3.0,3.0,3.0,3.0,3.0,3.0,3.0,3.0,0,0,0,0,0,0,0,3.0,4.0,3.0,3.0,4.0,3.0,3.0,3.0,3.0,3.0,2.0,0,0,0,1,8,16,27.0,37.0,1.0,3.0,4.0,1.0,4.0,2.0,0,1,2단계_부분_적응,1,2,False,2,3
26993,일반국민,2025,1,1,1,1,1,0,0,3.0,4.0,3.0,4.0,3.0,2.0,3.0,2.0,1.0,2.0,1.0,2.0,2.0,3.0,3.0,4.0,3.0,2.0,3.0,3.0,4.0,3.0,4.0,3.0,4.0,3.0,4.0,3.0,3.0,3.0,3.0,4.0,3.0,2.0,3.0,2.0,3.0,3.0,2.0,1.0,5.0,30.0,5.0,2.0,1.0,3.0,1.0,4.0,1.0,4.0,1.0,1.0,3.0,1.0,2.0,1.0,3.0,4.0,2.0,3.0,2.0,3.0,2.0,3.0,1.0,3.0,4.0,3.0,4.0,2.0,3.0,2.0,3.0,4.0,3.0,2.0,2.0,3.0,3.0,1.0,1.0,1.0,1.0,1.0,1.0,1.0,1.0,2.0,1.0,1.0,3.0,1.0,1.0,1.0,3.0,3.0,4.0,3.0,2.0,3.0,3.0,4.0,3.0,2.0,3.0,3.0,3.0,4.0,3.0,3.0,3.0,4.0,3.0,3.0,3.0,4.0,2.0,3.0,3.0,3.0,4.0,3.0,2.0,3.0,3.0,4.0,3.0,4.0,3.0,2.0,3.0,2.0,3.0,2.0,3.0,3.0,4.0,3.0,3.0,2.0,3.0,4.0,3.0,2.0,0,1,1,1,0,0,0,3.0,2.0,4.0,3.0,2.0,3.0,2.0,4.0,3.0,3.0,3.0,0,1,1,0,3,5,20.0,5.0,2.0,11.0,3.0,2.0,6.0,1.0,0,1,2단계_부분_적응,1,2,False,2,3
27143,고령층,2024,1,0,0,0,1,0,0,2.0,2.0,3.0,3.0,3.0,4.0,3.0,1.0,1.0,1.0,1.0,2.0,2.0,3.0,3.0,3.0,2.0,3.0,2.0,3.0,2.0,3.0,2.0,2.0,3.0,3.0,2.0,3.0,3.0,3.0,2.0,2.0,2.0,2.0,2.0,3.0,2.0,3.0,2.0,1.0,0.0,30.0,0.0,1.0,1.0,1.0,1.0,3.0,1.0,3.0,1.0,1.0,1.0,1.0,1.0,1.0,3.0,2.0,3.0,2.0,2.0,1.0,1.0,1.0,1.0,1.0,3.0,2.0,2.0,1.0,2.0,1.0,1.0,3.0,2.0,1.0,1.0,1.0,1.0,1.0,1.0,1.0,1.0,2.0,2.0,2.0,1.0,4.0,1.0,1.0,1.0,2.0,1.0,1.0,1.0,1.0,1.0,1.0,1.0,3.0,3.0,1.0,1.0,2.0,1.0,3.0,2.0,2.0,2.0,2.0,3.0,2.0,3.0,3.0,3.0,3.0,3.0,3.0,3.0,3.0,2.0,2.0,3.0,2.0,2.0,2.0,2.0,3.0,2.0,2.0,2.0,2.0,3.0,2.0,2.0,2.0,2.0,3.0,3.0,2.0,2.0,3.0,2.0,3.0,0,0,0,0,0,0,0,2.0,3.0,2.0,2.0,2.0,3.0,2.0,3.0,2.0,2.0,4.0,1,0,0,0,0,0,11.0,63.0,1.0,14.0,2.0,2.0,2.0,9.0,0,1,2단계_부분_적응,1,0,False,2,1
27157,일반국민,2024,0,0,0,0,1,1,0,3.0,1.0,3.0,1.0,1.0,3.0,1.0,2.0,3.0,2.0,3.0,3.0,2.0,2.0,3.0,3.0,3.0,3.0,2.0,2.0,2.0,3.0,2.0,3.0,2.0,2.0,3.0,3.0,3.0,3.0,3.0,2.0,3.0,1.0,1.0,1.0,1.0,1.0,1.0,1.0,0.0,30.0,0.0,1.0,1.0,1.0,1.0,3.0,2.0,3.0,1.0,1.0,1.0,1.0,1.0,1.0,2.0,3.0,1.0,1.0,1.0,1.0,1.0,1.0,1.0,1.0,2.0,2.0,3.0,3.0,1.0,1.0,1.0,1.0,3.0,1.0,1.0,3.0,2.0,1.0,1.0,1.0,1.0,1.0,1.0,1.0,1.0,1.0,1.0,1.0,1.0,1.0,1.0,1.0,1.0,1.0,1.0,3.0,1.0,3.0,3.0,3.0,3.0,3.0,3.0,3.0,3.0,3.0,3.0,3.0,4.0,4.0,4.0,4.0,3.0,3.0,3.0,4.0,2.0,2.0,2.0,3.0,3.0,3.0,3.0,1.0,2.0,2.0,2.0,3.0,2.0,1.0,2.0,2.0,2.0,3.0,3.0,3.0,2.0,2.0,3.0,3.0,3.0,3.0,0,0,0,0,0,0,0,3.0,3.0,3.0,4.0,4.0,3.0,3.0,3.0,3.0,3.0,4.0,0,0,0,1,3,5,14.0,36.0,1.0,8.0,3.0,2.0,4.0,13.0,0,1,2단계_부분_적응,1,0,False,2,1
27211,일반국민,2024,1,0,0,0,1,1,0,2.0,2.0,2.0,3.0,2.0,4.0,1.0,2.0,3.0,2.0,3.0,2.0,3.0,3.0,3.0,1.0,2.0,3.0,3.0,2.0,3.0,2.0,2.0,2.0,2.0,2.0,3.0,3.0,2.0,3.0,3.0,2.0,1.0,1.0,1.0,2.0,1.0,1.0,1.0,1.0,10.0,20.0,0.0,2.0,2.0,2.0,1.0,3.0,2.0,2.0,1.0,1.0,1.0,1.0,1.0,1.0,3.0,4.0,1.0,3.0,1.0,1.0,1.0,3.0,1.0,1.0,3.0,2.0,3.0,1.0,1.0,2.0,2.0,2.0,2.0,1.0,1.0,2.0,2.0,1.0,1.0,1.0,1.0,1.0,1.0,1.0,1.0,1.0,1.0,1.0,1.0,2.0,1.0,3.0,1.0,1.0,1.0,1.0,1.0,1.0,3.0,3.0,3.0,2.0,2.0,2.0,2.0,3.0,3.0,3.0,3.0,3.0,3.0,3.0,2.0,2.0,2.0,3.0,3.0,3.0,3.0,3.0,2.0,2.0,3.0,2.0,3.0,2.0,3.0,3.0,2.0,2.0,2.0,2.0,2.0,2.0,1.0,2.0,2.0,2.0,1.0,2.0,3.0,3.0,0,1,0,1,1,0,0,3.0,4.0,2.0,3.0,2.0,3.0,3.0,2.0,3.0,2.0,4.0,1,1,0,0,8,8,24.0,60.0,1.0,4.0,3.0,2.0,6.0,9.0,0,1,2단계_부분_적응,1,0,False,2,1
27235,고령층,2025,0,0,0,0,1,0,0,2.0,3.0,4.0,3.0,1.0,1.0,1.0,1.0,1.0,1.0,1.0,1.0,2.0,1.0,3.0,3.0,4.0,3.0,3.0,3.0,3.0,2.0,3.0,2.0,3.0,2.0,2.0,2.0,3.0,3.0,3.0,2.0,3.0,2.0,3.0,2.0,3.0,2.0,2.0,1.0,0.0,20.0,0.0,1.0,1.0,1.0,1.0,3.0,1.0,3.0,1.0,1.0,1.0,1.0,1.0,1.0,3.0,2.0,1.0,1.0,1.0,1.0,1.0,1.0,1.0,1.0,2.0,2.0,2.0,1.0,1.0,1.0,1.0,3.0,3.0,1.0,1.0,1.0,1.0,1.0,1.0,1.0,1.0,1.0,1.0,1.0,1.0,1.0,1.0,1.0,1.0,1.0,1.0,1.0,1.0,2.0,2.0,2.0,1.0,2.0,3.0,3.0,4.0,4.0,4.0,3.0,3.0,2.0,3.0,3.0,4.0,2.0,3.0,3.0,3.0,4.0,3.0,3.0,3.0,4.0,3.0,3.0,2.0,3.0,3.0,3.0,3.0,4.0,3.0,3.0,3.0,2.0,3.0,4.0,3.0,2.0,3.0,2.0,3.0,3.0,2.0,3.0,3.0,3.0,1,1,1,0,0,0,0,3.0,3.0,4.0,3.0,4.0,3.0,3.0,4.0,3.0,3.0,4.0,1,1,0,0,5,10,22.0,2.0,2.0,5.0,3.0,2.0,4.0,16.0,0,1,2단계_부분_적응,1,0,False,2,1
27359,장애인,2024,1,0,0,0,1,0,0,1.0,2.0,3.0,2.0,3.0,3.0,3.0,2.0,2.0,2.0,2.0,3.0,2.0,3.0,1.0,3.0,3.0,3.0,3.0,3.0,3.0,2.0,2.0,1.0,1.0,1.0,1.0,1.0,1.0,1.0,3.0,2.0,2.0,2.0,2.0,2.0,2.0,2.0,2.0,1.0,25.0,30.0,25.0,3.0,3.0,3.0,2.0,3.0,3.0,3.0,2.0,2.0,2.0,3.0,2.0,2.0,3.0,3.0,2.0,2.0,2.0,2.0,2.0,2.0,2.0,2.0,2.0,2.0,2.0,3.0,2.0,2.0,2.0,2.0,2.0,2.0,2.0,2.0,2.0,2.0,2.0,2.0,2.0,2.0,2.0,2.0,2.0,2.0,2.0,2.0,2.0,2.0,2.0,2.0,2.0,2.0,2.0,2.0,2.0,2.0,3.0,2.0,2.0,2.0,2.0,2.0,2.0,2.0,2.0,2.0,3.0,3.0,3.0,3.0,3.0,3.0,3.0,3.0,3.0,3.0,3.0,3.0,3.0,3.0,3.0,3.0,3.0,3.0,3.0,2.0,2.0,2.0,2.0,2.0,2.0,2.0,2.0,2.0,2.0,2.0,2.0,2.0,2.0,2.0,0,0,0,0,0,0,0,3.0,3.0,3.0,2.0,3.0,3.0,3.0,3.0,3.0,3.0,3.0,1,0,0,0,0,0,13.0,56.0,1.0,3.0,3.0,2.0,4.0,17.0,0,1,2단계_부분_적응,1,2,False,2,3
27399,일반국민,2025,1,0,0,0,1,0,0,3.0,2.0,1.0,4.0,4.0,1.0,1.0,1.0,1.0,1.0,1.0,1.0,1.0,1.0,4.0,4.0,2.0,4.0,4.0,2.0,3.0,3.0,2.0,2.0,3.0,1.0,1.0,3.0,3.0,1.0,3.0,2.0,3.0,3.0,2.0,2.0,2.0,2.0,2.0,1.0,8.0,30.0,0.0,3.0,1.0,3.0,2.0,4.0,1.0,4.0,2.0,2.0,2.0,2.0,2.0,2.0,3.0,2.0,3.0,2.0,2.0,1.0,1.0,1.0,1.0,1.0,3.0,1.0,1.0,1.0,1.0,1.0,1.0,3.0,3.0,1.0,1.0,3.0,1.0,1.0,1.0,1.0,1.0,1.0,1.0,1.0,1.0,1.0,1.0,1.0,1.0,1.0,1.0,1.0,1.0,1.0,1.0,1.0,2.0,3.0,3.0,4.0,3.0,3.0,3.0,2.0,2.0,3.0,2.0,2.0,3.0,4.0,4.0,4.0,3.0,2.0,2.0,3.0,2.0,2.0,2.0,2.0,3.0,1.0,2.0,1.0,1.0,1.0,1.0,1.0,1.0,2.0,2.0,3.0,2.0,3.0,3.0,2.0,2.0,2.0,2.0,3.0,3.0,3.0,0,0,0,0,0,0,0,3.0,3.0,2.0,3.0,3.0,3.0,3.0,3.0,3.0,3.0,4.0,0,0,0,1,5,8,32.0,1.0,1.0,12.0,1.0,2.0,9.0,17.0,0,1,2단계_부분_적응,1,0,False,2,1
27404,일반국민,2024,0,0,0,0,1,0,0,2.0,2.0,3.0,1.0,1.0,3.0,1.0,1.0,1.0,1.0,1.0,1.0,3.0,1.0,3.0,1.0,2.0,3.0,3.0,3.0,3.0,3.0,1.0,3.0,2.0,2.0,3.0,3.0,3.0,3.0,3.0,2.0,3.0,3.0,2.0,2.0,3.0,3.0,2.0,3.0,0.0,30.0,0.0,1.0,1.0,1.0,1.0,3.0,2.0,3.0,1.0,1.0,1.0,1.0,1.0,1.0,2.0,3.0,2.0,2.0,1.0,1.0,1.0,1.0,1.0,1.0,3.0,3.0,3.0,2.0,2.0,1.0,1.0,2.0,2.0,1.0,1.0,3.0,2.0,1.0,1.0,1.0,1.0,2.0,1.0,1.0,1.0,1.0,1.0,1.0,1.0,1.0,1.0,2.0,2.0,2.0,1.0,1.0,1.0,3.0,3.0,3.0,3.0,3.0,3.0,3.0,3.0,3.0,3.0,3.0,3.0,3.0,3.0,3.0,3.0,3.0,3.0,3.0,3.0,3.0,3.0,3.0,3.0,3.0,3.0,3.0,3.0,3.0,3.0,3.0,3.0,2.0,2.0,2.0,2.0,2.0,2.0,2.0,2.0,2.0,2.0,2.0,2.0,2.0,0,0,0,0,0,0,0,3.0,3.0,3.0,3.0,3.0,3.0,3.0,3.0,3.0,3.0,3.0,1,0,0,0,2,4,15.0,58.0,2.0,14.0,3.0,1.0,3.0,17.0,0,1,2단계_부분_적응,1,0,False,2,1
27409,장애인,2024,1,0,0,0,1,1,1,3.0,1.0,3.0,3.0,3.0,2.0,2.0,2.0,1.0,3.0,1.0,2.0,2.0,1.0,4.0,4.0,2.0,4.0,3.0,1.0,1.0,3.0,2.0,1.0,1.0,1.0,3.0,3.0,3.0,3.0,2.0,2.0,1.0,1.0,1.0,2.0,1.0,1.0,1.0,1.0,10.0,30.0,0.0,3.0,1.0,2.0,1.0,4.0,1.0,3.0,1.0,1.0,2.0,1.0,1.0,1.0,2.0,2.0,2.0,2.0,1.0,3.0,3.0,2.0,2.0,3.0,4.0,3.0,2.0,2.0,2.0,1.0,1.0,1.0,3.0,1.0,2.0,2.0,3.0,1.0,1.0,1.0,1.0,1.0,1.0,1.0,1.0,1.0,1.0,1.0,1.0,1.0,1.0,2.0,2.0,1.0,1.0,1.0,1.0,3.0,3.0,4.0,3.0,4.0,4.0,3.0,2.0,3.0,3.0,3.0,3.0,3.0,3.0,4.0,3.0,3.0,3.0,4.0,3.0,3.0,2.0,3.0,2.0,3.0,2.0,2.0,3.0,2.0,2.0,3.0,2.0,2.0,1.0,1.0,1.0,2.0,1.0,2.0,1.0,2.0,1.0,2.0,2.0,3.0,0,0,0,1,0,0,0,2.0,4.0,2.0,4.0,2.0,3.0,2.0,3.0,2.0,2.0,4.0,0,0,1,0,4,7,19.0,55.0,1.0,5.0,3.0,2.0,3.0,2.0,0,1,2단계_부분_적응,1,0,False,2,1
27464,일반국민,2024,1,0,0,0,1,0,0,2.0,2.0,3.0,1.0,1.0,4.0,3.0,1.0,1.0,2.0,2.0,3.0,2.0,2.0,2.0,3.0,2.0,3.0,2.0,2.0,2.0,3.0,3.0,2.0,3.0,4.0,3.0,3.0,2.0,3.0,3.0,2.0,2.0,2.0,3.0,2.0,2.0,2.0,3.0,1.0,5.0,20.0,0.0,3.0,1.0,1.0,1.0,3.0,1.0,3.0,1.0,1.0,1.0,1.0,1.0,1.0,3.0,2.0,3.0,1.0,1.0,1.0,1.0,1.0,1.0,1.0,3.0,1.0,1.0,1.0,1.0,1.0,1.0,3.0,3.0,1.0,1.0,4.0,3.0,1.0,1.0,1.0,1.0,1.0,1.0,1.0,1.0,1.0,1.0,1.0,1.0,1.0,1.0,1.0,1.0,1.0,1.0,1.0,1.0,2.0,3.0,2.0,2.0,3.0,3.0,3.0,3.0,3.0,3.0,3.0,3.0,3.0,1.0,2.0,2.0,2.0,2.0,3.0,2.0,2.0,2.0,2.0,3.0,1.0,2.0,1.0,3.0,3.0,2.0,2.0,3.0,2.0,1.0,1.0,2.0,2.0,3.0,2.0,2.0,2.0,1.0,2.0,2.0,2.0,0,0,0,0,0,0,0,3.0,2.0,3.0,2.0,2.0,2.0,3.0,2.0,2.0,2.0,4.0,1,1,0,0,0,0,11.0,63.0,1.0,14.0,3.0,2.0,5.0,15.0,0,1,2단계_부분_적응,1,0,False,2,1
27699,농어민,2024,1,0,0,0,1,1,1,2.0,1.0,4.0,4.0,3.0,3.0,2.0,4.0,4.0,3.0,4.0,4.0,3.0,4.0,3.0,4.0,4.0,3.0,3.0,3.0,4.0,3.0,3.0,4.0,3.0,3.0,3.0,4.0,3.0,3.0,3.0,4.0,3.0,4.0,3.0,3.0,2.0,3.0,4.0,1.0,20.0,30.0,0.0,3.0,3.0,3.0,1.0,3.0,1.0,3.0,2.0,2.0,3.0,2.0,1.0,1.0,2.0,3.0,2.0,2.0,3.0,3.0,2.0,3.0,2.0,1.0,3.0,3.0,3.0,2.0,1.0,2.0,2.0,3.0,3.0,3.0,1.0,2.0,2.0,1.0,1.0,2.0,1.0,1.0,1.0,1.0,2.0,3.0,1.0,2.0,1.0,2.0,1.0,3.0,3.0,1.0,1.0,2.0,2.0,3.0,3.0,4.0,3.0,3.0,4.0,3.0,2.0,4.0,3.0,3.0,3.0,3.0,4.0,2.0,3.0,2.0,3.0,2.0,3.0,2.0,4.0,3.0,4.0,3.0,3.0,2.0,3.0,4.0,4.0,2.0,3.0,1.0,3.0,4.0,3.0,4.0,3.0,2.0,3.0,3.0,4.0,3.0,2.0,3.0,0,0,0,0,0,0,0,3.0,4.0,3.0,2.0,3.0,3.0,4.0,3.0,3.0,2.0,4.0,1,1,0,0,8,16,20.0,84.0,2.0,6.0,1.0,1.0,2.0,16.0,0,1,2단계_부분_적응,1,2,False,2,3
27704,농어민,2025,0,0,0,0,1,0,0,2.0,2.0,3.0,2.0,3.0,3.0,3.0,1.0,1.0,3.0,1.0,2.0,1.0,1.0,3.0,3.0,3.0,3.0,2.0,3.0,3.0,2.0,1.0,1.0,3.0,3.0,2.0,2.0,2.0,2.0,2.0,1.0,2.0,2.0,3.0,2.0,2.0,2.0,2.0,1.0,0.0,15.0,0.0,3.0,1.0,2.0,3.0,4.0,2.0,3.0,2.0,2.0,1.0,2.0,2.0,3.0,3.0,3.0,3.0,2.0,3.0,1.0,1.0,1.0,1.0,1.0,2.0,2.0,1.0,1.0,1.0,1.0,1.0,3.0,2.0,1.0,1.0,3.0,2.0,1.0,1.0,1.0,1.0,2.0,3.0,2.0,2.0,1.0,1.0,1.0,1.0,3.0,2.0,2.0,2.0,2.0,3.0,2.0,2.0,2.0,3.0,2.0,3.0,2.0,2.0,2.0,2.0,3.0,2.0,2.0,2.0,3.0,3.0,2.0,2.0,3.0,2.0,3.0,3.0,3.0,2.0,2.0,3.0,2.0,2.0,3.0,3.0,3.0,2.0,3.0,2.0,2.0,3.0,2.0,2.0,3.0,2.0,2.0,2.0,3.0,2.0,3.0,2.0,2.0,0,0,0,0,0,0,0,2.0,3.0,3.0,2.0,3.0,3.0,3.0,3.0,3.0,2.0,3.0,0,1,0,0,0,0,25.0,5.0,1.0,6.0,3.0,2.0,4.0,14.0,0,1,2단계_부분_적응,1,0,False,2,1
27764,저소득층,2025,1,0,0,0,1,0,0,2.0,4.0,2.0,3.0,3.0,4.0,2.0,3.0,3.0,3.0,3.0,2.0,2.0,3.0,3.0,3.0,3.0,3.0,3.0,3.0,3.0,2.0,2.0,2.0,2.0,2.0,2.0,3.0,3.0,3.0,2.0,1.0,1.0,2.0,2.0,2.0,2.0,2.0,2.0,1.0,0.0,30.0,0.0,1.0,1.0,1.0,1.0,3.0,1.0,1.0,1.0,1.0,1.0,1.0,1.0,1.0,1.0,4.0,1.0,1.0,1.0,1.0,1.0,1.0,1.0,1.0,3.0,2.0,3.0,1.0,1.0,1.0,1.0,1.0,1.0,1.0,1.0,1.0,1.0,1.0,1.0,1.0,1.0,1.0,1.0,1.0,1.0,1.0,3.0,1.0,1.0,1.0,3.0,2.0,3.0,2.0,1.0,1.0,1.0,2.0,2.0,3.0,2.0,2.0,2.0,2.0,2.0,2.0,3.0,2.0,3.0,2.0,2.0,3.0,2.0,2.0,2.0,2.0,2.0,2.0,2.0,2.0,3.0,2.0,2.0,2.0,2.0,2.0,3.0,2.0,2.0,2.0,2.0,1.0,2.0,2.0,2.0,2.0,1.0,2.0,2.0,2.0,2.0,2.0,0,0,0,0,0,0,0,2.0,1.0,2.0,3.0,2.0,2.0,3.0,3.0,3.0,3.0,4.0,1,0,0,0,0,0,24.0,4.0,1.0,9.0,3.0,2.0,3.0,12.0,0,1,2단계_부분_적응,1,0,False,2,1
27818,저소득층,2024,0,0,0,0,1,0,0,3.0,3.0,3.0,2.0,1.0,1.0,1.0,3.0,3.0,3.0,3.0,3.0,3.0,2.0,3.0,3.0,3.0,3.0,3.0,3.0,3.0,2.0,2.0,2.0,2.0,2.0,3.0,3.0,3.0,3.0,2.0,2.0,2.0,2.0,2.0,2.0,2.0,2.0,2.0,1.0,0.0,30.0,0.0,1.0,1.0,1.0,1.0,3.0,1.0,1.0,1.0,1.0,1.0,1.0,1.0,1.0,2.0,1.0,1.0,1.0,1.0,1.0,1.0,1.0,1.0,1.0,2.0,3.0,1.0,2.0,1.0,1.0,1.0,1.0,1.0,1.0,1.0,1.0,1.0,1.0,1.0,1.0,1.0,1.0,1.0,1.0,1.0,1.0,1.0,1.0,2.0,1.0,1.0,1.0,1.0,2.0,1.0,1.0,1.0,2.0,3.0,3.0,3.0,3.0,2.0,3.0,3.0,3.0,3.0,3.0,3.0,3.0,3.0,3.0,3.0,3.0,3.0,3.0,2.0,2.0,3.0,3.0,3.0,3.0,2.0,2.0,2.0,2.0,2.0,2.0,2.0,2.0,2.0,2.0,2.0,2.0,2.0,2.0,2.0,2.0,2.0,2.0,2.0,2.0,0,0,1,0,0,0,0,3.0,3.0,3.0,3.0,4.0,4.0,3.0,3.0,3.0,3.0,4.0,0,1,0,0,3,3,21.0,16.0,1.0,12.0,2.0,1.0,1.0,10.0,0,1,2단계_부분_적응,1,0,False,2,1
27895,일반국민,2025,1,0,0,0,1,1,1,2.0,2.0,2.0,4.0,4.0,2.0,2.0,2.0,2.0,2.0,3.0,2.0,2.0,3.0,3.0,4.0,3.0,4.0,3.0,2.0,3.0,2.0,1.0,2.0,1.0,1.0,1.0,3.0,3.0,1.0,2.0,2.0,2.0,2.0,1.0,2.0,1.0,2.0,2.0,1.0,15.0,30.0,0.0,3.0,2.0,2.0,2.0,4.0,1.0,1.0,1.0,1.0,1.0,1.0,1.0,1.0,1.0,4.0,1.0,2.0,1.0,3.0,2.0,2.0,2.0,2.0,4.0,1.0,2.0,2.0,2.0,1.0,1.0,1.0,1.0,2.0,2.0,2.0,1.0,1.0,1.0,1.0,1.0,1.0,2.0,1.0,1.0,1.0,1.0,3.0,1.0,1.0,1.0,3.0,1.0,1.0,1.0,1.0,1.0,3.0,3.0,4.0,3.0,3.0,3.0,4.0,3.0,4.0,3.0,3.0,3.0,3.0,4.0,3.0,3.0,2.0,2.0,3.0,3.0,3.0,2.0,3.0,3.0,3.0,3.0,2.0,3.0,2.0,3.0,3.0,2.0,2.0,1.0,1.0,1.0,1.0,1.0,1.0,1.0,1.0,1.0,1.0,1.0,1.0,0,0,0,0,0,0,0,3.0,4.0,3.0,3.0,4.0,3.0,3.0,4.0,3.0,4.0,2.0,1,0,0,0,0,0,20.0,6.0,1.0,5.0,4.0,3.0,4.0,1.0,0,1,2단계_부분_적응,1,0,False,2,1
27898,일반국민,2025,0,1,0,1,1,1,0,2.0,2.0,3.0,3.0,3.0,1.0,1.0,3.0,4.0,3.0,3.0,3.0,3.0,3.0,4.0,4.0,3.0,4.0,4.0,3.0,4.0,3.0,3.0,3.0,3.0,4.0,3.0,4.0,3.0,3.0,3.0,3.0,2.0,3.0,2.0,3.0,3.0,3.0,2.0,1.0,0.0,20.0,0.0,3.0,3.0,2.0,2.0,4.0,2.0,3.0,1.0,2.0,2.0,2.0,2.0,2.0,3.0,4.0,2.0,1.0,1.0,3.0,2.0,2.0,3.0,2.0,4.0,2.0,3.0,2.0,2.0,2.0,2.0,2.0,1.0,2.0,2.0,1.0,1.0,2.0,2.0,1.0,1.0,2.0,1.0,1.0,1.0,2.0,2.0,3.0,3.0,1.0,1.0,2.0,1.0,2.0,3.0,2.0,2.0,4.0,3.0,4.0,3.0,4.0,3.0,4.0,3.0,4.0,3.0,4.0,3.0,4.0,4.0,4.0,4.0,3.0,4.0,4.0,2.0,2.0,2.0,3.0,4.0,3.0,4.0,1.0,3.0,4.0,3.0,4.0,3.0,1.0,3.0,4.0,4.0,3.0,3.0,4.0,4.0,4.0,3.0,4.0,4.0,4.0,0,0,0,0,0,0,0,3.0,4.0,4.0,3.0,4.0,3.0,4.0,3.0,4.0,3.0,2.0,0,1,0,0,1,3,19.0,2.0,2.0,4.0,4.0,3.0,9.0,1.0,0,1,2단계_부분_적응,1,2,False,2,3
27903,일반국민,2025,1,0,0,0,1,0,0,2.0,2.0,3.0,2.0,2.0,2.0,2.0,2.0,3.0,2.0,3.0,3.0,3.0,3.0,3.0,3.0,2.0,3.0,3.0,2.0,2.0,2.0,2.0,2.0,2.0,2.0,2.0,3.0,2.0,3.0,3.0,2.0,2.0,2.0,3.0,2.0,3.0,2.0,2.0,1.0,15.0,30.0,0.0,2.0,2.0,2.0,2.0,3.0,2.0,2.0,2.0,1.0,1.0,1.0,1.0,1.0,2.0,2.0,2.0,2.0,2.0,1.0,1.0,1.0,1.0,1.0,2.0,2.0,2.0,1.0,1.0,1.0,1.0,1.0,1.0,1.0,1.0,1.0,1.0,1.0,1.0,1.0,1.0,1.0,1.0,1.0,1.0,1.0,1.0,1.0,1.0,2.0,1.0,1.0,1.0,2.0,1.0,1.0,1.0,1.0,3.0,3.0,3.0,3.0,3.0,2.0,2.0,2.0,2.0,3.0,3.0,3.0,3.0,3.0,3.0,3.0,2.0,2.0,3.0,3.0,3.0,2.0,3.0,3.0,2.0,2.0,3.0,2.0,3.0,2.0,3.0,2.0,2.0,2.0,2.0,2.0,2.0,2.0,2.0,2.0,2.0,2.0,2.0,2.0,0,0,0,0,0,0,0,2.0,2.0,2.0,2.0,2.0,2.0,2.0,2.0,2.0,2.0,3.0,1,1,0,0,0,0,9.0,5.0,1.0,3.0,3.0,3.0,5.0,6.0,0,1,2단계_부분_적응,1,0,False,2,1
27970,저소득층,2025,1,0,0,0,1,0,0,3.0,3.0,2.0,4.0,3.0,4.0,1.0,1.0,3.0,1.0,3.0,3.0,1.0,1.0,3.0,4.0,3.0,4.0,4.0,1.0,2.0,2.0,1.0,1.0,1.0,1.0,3.0,4.0,4.0,4.0,3.0,2.0,1.0,1.0,1.0,1.0,2.0,3.0,1.0,1.0,0.0,20.0,0.0,1.0,1.0,1.0,1.0,3.0,2.0,1.0,1.0,1.0,1.0,1.0,1.0,1.0,1.0,4.0,1.0,3.0,1.0,1.0,1.0,1.0,1.0,1.0,4.0,3.0,3.0,1.0,1.0,1.0,1.0,1.0,1.0,1.0,1.0,3.0,1.0,1.0,1.0,1.0,1.0,1.0,1.0,1.0,1.0,1.0,1.0,1.0,1.0,3.0,1.0,3.0,3.0,2.0,1.0,1.0,1.0,3.0,3.0,4.0,3.0,3.0,2.0,3.0,3.0,2.0,3.0,2.0,3.0,4.0,3.0,3.0,2.0,2.0,3.0,3.0,2.0,2.0,3.0,3.0,3.0,2.0,3.0,2.0,2.0,2.0,2.0,3.0,1.0,1.0,3.0,3.0,2.0,3.0,4.0,3.0,2.0,2.0,3.0,3.0,2.0,2.0,0,0,0,0,0,0,0,2.0,4.0,3.0,2.0,4.0,3.0,2.0,3.0,2.0,3.0,3.0,0,1,0,0,5,8,20.0,5.0,2.0,9.0,3.0,2.0,2.0,15.0,0,1,2단계_부분_적응,1,0,False,2,1
28042,일반국민,2024,0,0,0,0,1,0,0,2.0,2.0,3.0,1.0,1.0,1.0,1.0,2.0,1.0,1.0,1.0,2.0,1.0,1.0,3.0,3.0,2.0,3.0,3.0,1.0,1.0,3.0,2.0,3.0,1.0,1.0,4.0,3.0,3.0,3.0,2.0,3.0,2.0,3.0,2.0,2.0,3.0,2.0,2.0,1.0,0.0,23.0,0.0,1.0,1.0,1.0,1.0,3.0,1.0,1.0,1.0,1.0,1.0,1.0,1.0,1.0,1.0,3.0,1.0,1.0,1.0,1.0,1.0,1.0,1.0,1.0,3.0,4.0,1.0,1.0,1.0,1.0,1.0,2.0,2.0,1.0,1.0,2.0,1.0,1.0,1.0,1.0,1.0,2.0,2.0,3.0,2.0,1.0,2.0,1.0,1.0,3.0,2.0,3.0,2.0,3.0,4.0,3.0,4.0,3.0,3.0,4.0,3.0,3.0,4.0,3.0,3.0,4.0,3.0,3.0,3.0,4.0,3.0,4.0,4.0,3.0,4.0,3.0,3.0,3.0,4.0,3.0,4.0,4.0,3.0,3.0,3.0,3.0,4.0,3.0,4.0,2.0,3.0,4.0,3.0,4.0,4.0,3.0,3.0,4.0,4.0,3.0,3.0,4.0,0,0,1,0,0,1,0,3.0,4.0,3.0,4.0,3.0,3.0,4.0,3.0,3.0,4.0,4.0,1,1,0,0,2,2,15.0,65.0,1.0,7.0,3.0,2.0,4.0,12.0,0,1,2단계_부분_적응,1,0,False,2,1
28146,일반국민,2024,1,0,0,0,1,0,0,1.0,1.0,2.0,3.0,3.0,3.0,1.0,2.0,2.0,2.0,2.0,2.0,2.0,2.0,3.0,3.0,2.0,3.0,2.0,3.0,3.0,2.0,2.0,2.0,3.0,1.0,3.0,3.0,1.0,3.0,3.0,1.0,1.0,2.0,2.0,1.0,1.0,1.0,1.0,1.0,0.0,30.0,0.0,1.0,1.0,1.0,1.0,3.0,3.0,3.0,2.0,1.0,1.0,1.0,1.0,1.0,3.0,4.0,3.0,3.0,1.0,1.0,1.0,1.0,1.0,1.0,3.0,3.0,3.0,2.0,2.0,1.0,1.0,3.0,3.0,1.0,1.0,2.0,2.0,1.0,1.0,1.0,1.0,2.0,2.0,2.0,2.0,1.0,3.0,3.0,1.0,2.0,2.0,1.0,1.0,1.0,1.0,2.0,1.0,2.0,3.0,3.0,2.0,3.0,3.0,3.0,3.0,4.0,4.0,4.0,4.0,3.0,4.0,4.0,2.0,2.0,2.0,3.0,2.0,3.0,3.0,2.0,3.0,3.0,2.0,2.0,3.0,3.0,3.0,3.0,2.0,1.0,2.0,2.0,2.0,2.0,2.0,2.0,2.0,2.0,2.0,3.0,2.0,3.0,0,0,0,0,0,0,0,2.0,2.0,2.0,3.0,4.0,3.0,4.0,3.0,3.0,3.0,3.0,1,1,0,0,1,3,17.0,62.0,2.0,5.0,3.0,2.0,5.0,10.0,0,1,2단계_부분_적응,1,0,False,2,1
28258,장애인,2025,1,0,0,0,1,1,1,2.0,2.0,3.0,3.0,3.0,2.0,2.0,3.0,3.0,3.0,3.0,3.0,3.0,3.0,3.0,3.0,3.0,3.0,3.0,3.0,2.0,2.0,2.0,2.0,3.0,2.0,2.0,3.0,2.0,2.0,3.0,2.0,2.0,2.0,2.0,2.0,3.0,2.0,2.0,1.0,20.0,0.0,0.0,3.0,2.0,3.0,3.0,1.0,1.0,1.0,1.0,2.0,3.0,3.0,3.0,2.0,1.0,1.0,1.0,1.0,1.0,3.0,2.0,2.0,2.0,2.0,1.0,1.0,1.0,1.0,1.0,3.0,2.0,1.0,1.0,2.0,2.0,1.0,1.0,2.0,2.0,2.0,2.0,1.0,1.0,1.0,1.0,2.0,3.0,2.0,2.0,1.0,1.0,1.0,1.0,2.0,2.0,2.0,2.0,2.0,3.0,3.0,3.0,2.0,2.0,2.0,3.0,3.0,3.0,3.0,3.0,3.0,3.0,3.0,2.0,2.0,2.0,2.0,3.0,2.0,2.0,3.0,3.0,2.0,2.0,2.0,2.0,2.0,2.0,2.0,2.0,2.0,2.0,2.0,2.0,2.0,2.0,2.0,2.0,2.0,2.0,2.0,2.0,2.0,0,1,0,0,0,0,0,2.0,2.0,2.0,2.0,2.0,2.0,2.0,2.0,2.0,2.0,3.0,1,0,0,0,8,9,17.0,1.0,1.0,12.0,1.0,2.0,3.0,12.0,0,1,2단계_부분_적응,1,0,False,2,1
28305,일반국민,2024,0,0,0,0,1,0,0,2.0,2.0,2.0,4.0,4.0,4.0,4.0,2.0,3.0,2.0,2.0,2.0,2.0,2.0,2.0,3.0,3.0,3.0,3.0,3.0,2.0,2.0,2.0,3.0,2.0,2.0,3.0,4.0,3.0,3.0,3.0,2.0,2.0,2.0,3.0,2.0,3.0,2.0,2.0,1.0,0.0,30.0,0.0,2.0,2.0,2.0,2.0,3.0,2.0,4.0,2.0,2.0,2.0,2.0,2.0,2.0,3.0,4.0,2.0,3.0,2.0,2.0,2.0,2.0,2.0,2.0,4.0,3.0,4.0,2.0,2.0,2.0,2.0,2.0,2.0,2.0,2.0,3.0,3.0,2.0,2.0,2.0,2.0,2.0,2.0,2.0,2.0,2.0,2.0,2.0,2.0,2.0,2.0,2.0,2.0,3.0,3.0,3.0,2.0,3.0,4.0,4.0,4.0,4.0,4.0,4.0,3.0,3.0,3.0,3.0,3.0,3.0,3.0,3.0,2.0,2.0,2.0,3.0,3.0,3.0,4.0,4.0,4.0,4.0,3.0,3.0,3.0,3.0,3.0,3.0,4.0,1.0,2.0,2.0,3.0,2.0,3.0,2.0,2.0,2.0,2.0,3.0,3.0,3.0,0,0,0,0,0,0,0,3.0,3.0,3.0,2.0,3.0,3.0,4.0,4.0,3.0,4.0,4.0,1,1,0,0,8,22,21.0,70.0,2.0,4.0,2.0,2.0,8.0,1.0,0,1,2단계_부분_적응,1,2,False,2,3
28319,장애인,2025,1,0,1,0,1,1,1,4.0,3.0,3.0,3.0,2.0,2.0,1.0,3.0,1.0,1.0,1.0,1.0,3.0,1.0,3.0,4.0,3.0,4.0,3.0,3.0,1.0,3.0,1.0,1.0,1.0,1.0,2.0,3.0,4.0,3.0,3.0,3.0,2.0,3.0,2.0,3.0,2.0,2.0,3.0,1.0,20.0,30.0,20.0,1.0,1.0,1.0,2.0,2.0,2.0,3.0,1.0,1.0,3.0,1.0,1.0,1.0,1.0,4.0,3.0,1.0,1.0,1.0,1.0,1.0,1.0,1.0,2.0,1.0,1.0,1.0,1.0,1.0,1.0,1.0,3.0,2.0,2.0,3.0,1.0,1.0,1.0,1.0,1.0,1.0,1.0,1.0,1.0,1.0,1.0,1.0,1.0,1.0,1.0,1.0,1.0,1.0,1.0,1.0,1.0,1.0,4.0,3.0,4.0,3.0,3.0,4.0,3.0,3.0,3.0,3.0,3.0,4.0,3.0,4.0,3.0,3.0,3.0,4.0,2.0,3.0,2.0,2.0,3.0,3.0,1.0,3.0,2.0,2.0,2.0,2.0,1.0,2.0,3.0,3.0,2.0,3.0,2.0,3.0,2.0,3.0,2.0,2.0,2.0,3.0,0,0,0,0,0,0,0,3.0,4.0,3.0,3.0,3.0,4.0,3.0,3.0,3.0,4.0,4.0,0,0,0,1,3,6,26.0,1.0,1.0,12.0,1.0,2.0,7.0,16.0,0,1,2단계_부분_적응,1,0,False,2,1
28439,일반국민,2025,0,0,0,0,1,1,1,2.0,3.0,2.0,3.0,3.0,3.0,1.0,1.0,1.0,1.0,1.0,2.0,2.0,1.0,3.0,3.0,2.0,1.0,1.0,2.0,2.0,3.0,2.0,2.0,3.0,1.0,2.0,3.0,3.0,3.0,3.0,1.0,1.0,2.0,2.0,3.0,1.0,2.0,2.0,1.0,0.0,27.0,0.0,1.0,1.0,1.0,1.0,3.0,1.0,3.0,3.0,1.0,1.0,1.0,1.0,1.0,3.0,2.0,2.0,3.0,2.0,1.0,1.0,1.0,1.0,1.0,3.0,2.0,3.0,1.0,2.0,1.0,1.0,3.0,3.0,1.0,1.0,3.0,3.0,1.0,1.0,1.0,1.0,3.0,3.0,2.0,2.0,1.0,1.0,1.0,1.0,3.0,2.0,3.0,3.0,3.0,2.0,2.0,1.0,3.0,3.0,4.0,3.0,2.0,2.0,3.0,4.0,3.0,3.0,3.0,4.0,3.0,3.0,3.0,2.0,2.0,2.0,3.0,3.0,3.0,2.0,3.0,4.0,3.0,3.0,2.0,3.0,3.0,4.0,2.0,3.0,1.0,3.0,2.0,2.0,1.0,1.0,2.0,2.0,3.0,2.0,2.0,3.0,1.0,0,0,0,0,0,0,0,3.0,2.0,3.0,3.0,2.0,2.0,2.0,3.0,4.0,3.0,4.0,1,0,0,0,3,11,22.0,5.0,1.0,8.0,3.0,2.0,4.0,12.0,0,1,2단계_부분_적응,1,0,False,2,1
28515,농어민,2024,0,0,0,0,1,0,0,2.0,2.0,4.0,3.0,3.0,3.0,3.0,3.0,1.0,3.0,1.0,1.0,2.0,1.0,3.0,3.0,3.0,3.0,3.0,3.0,3.0,2.0,3.0,2.0,3.0,2.0,2.0,3.0,2.0,2.0,2.0,3.0,2.0,3.0,2.0,1.0,3.0,2.0,2.0,3.0,0.0,30.0,0.0,1.0,1.0,1.0,1.0,3.0,2.0,3.0,1.0,1.0,1.0,1.0,1.0,1.0,2.0,3.0,2.0,2.0,1.0,1.0,1.0,1.0,1.0,1.0,3.0,3.0,3.0,2.0,2.0,1.0,1.0,2.0,2.0,1.0,1.0,3.0,2.0,1.0,1.0,1.0,1.0,2.0,1.0,1.0,1.0,1.0,1.0,1.0,1.0,1.0,1.0,2.0,2.0,2.0,1.0,1.0,1.0,3.0,3.0,2.0,3.0,3.0,3.0,4.0,3.0,3.0,2.0,3.0,3.0,2.0,3.0,3.0,2.0,1.0,2.0,2.0,2.0,1.0,2.0,3.0,2.0,1.0,2.0,2.0,2.0,3.0,2.0,2.0,1.0,2.0,2.0,1.0,2.0,2.0,1.0,2.0,1.0,2.0,2.0,2.0,1.0,2.0,0,0,0,0,0,0,0,2.0,2.0,1.0,1.0,2.0,2.0,2.0,1.0,2.0,2.0,3.0,1,0,0,0,0,0,19.0,62.0,1.0,6.0,2.0,2.0,3.0,9.0,0,1,2단계_부분_적응,1,0,False,2,1
28565,농어민,2025,1,0,0,0,1,0,0,2.0,2.0,2.0,3.0,3.0,4.0,2.0,3.0,1.0,3.0,1.0,3.0,1.0,3.0,3.0,3.0,3.0,4.0,3.0,1.0,3.0,2.0,2.0,1.0,3.0,2.0,1.0,4.0,1.0,3.0,3.0,1.0,2.0,2.0,1.0,2.0,2.0,1.0,2.0,1.0,15.0,30.0,0.0,1.0,1.0,2.0,1.0,4.0,1.0,3.0,1.0,1.0,1.0,1.0,1.0,1.0,1.0,4.0,1.0,3.0,1.0,1.0,1.0,1.0,1.0,1.0,4.0,1.0,3.0,2.0,3.0,1.0,1.0,3.0,3.0,1.0,1.0,4.0,2.0,1.0,1.0,1.0,1.0,1.0,2.0,3.0,2.0,1.0,1.0,1.0,1.0,1.0,1.0,3.0,2.0,2.0,1.0,1.0,2.0,2.0,3.0,4.0,3.0,3.0,4.0,3.0,3.0,4.0,4.0,3.0,3.0,2.0,2.0,3.0,2.0,1.0,1.0,2.0,2.0,2.0,3.0,3.0,3.0,2.0,3.0,3.0,2.0,3.0,3.0,3.0,2.0,2.0,2.0,2.0,1.0,2.0,2.0,3.0,2.0,2.0,1.0,2.0,3.0,3.0,0,0,0,0,0,0,0,2.0,3.0,4.0,4.0,3.0,3.0,4.0,3.0,3.0,3.0,2.0,1,1,0,0,5,13,18.0,5.0,1.0,6.0,3.0,2.0,6.0,4.0,0,1,2단계_부분_적응,1,0,False,2,1
28622,농어민,2024,1,0,1,0,1,1,0,3.0,1.0,3.0,3.0,3.0,3.0,1.0,1.0,1.0,1.0,3.0,3.0,1.0,1.0,3.0,3.0,3.0,3.0,3.0,3.0,3.0,3.0,1.0,2.0,1.0,1.0,3.0,3.0,3.0,3.0,3.0,2.0,1.0,1.0,1.0,1.0,1.0,1.0,1.0,1.0,15.0,30.0,0.0,2.0,2.0,2.0,2.0,3.0,3.0,3.0,3.0,1.0,1.0,1.0,1.0,1.0,1.0,3.0,1.0,1.0,1.0,2.0,3.0,3.0,1.0,1.0,3.0,3.0,4.0,1.0,1.0,1.0,1.0,2.0,2.0,1.0,1.0,3.0,2.0,1.0,1.0,1.0,1.0,2.0,1.0,1.0,1.0,2.0,2.0,2.0,1.0,3.0,3.0,3.0,1.0,1.0,1.0,1.0,1.0,4.0,3.0,3.0,3.0,3.0,3.0,2.0,2.0,2.0,2.0,2.0,3.0,3.0,3.0,3.0,2.0,3.0,2.0,3.0,3.0,3.0,3.0,3.0,3.0,3.0,3.0,1.0,3.0,3.0,3.0,3.0,3.0,1.0,2.0,1.0,1.0,1.0,1.0,1.0,1.0,1.0,1.0,1.0,1.0,1.0,0,0,0,0,0,0,0,3.0,2.0,3.0,2.0,3.0,2.0,3.0,2.0,3.0,3.0,3.0,0,1,1,0,2,5,11.0,58.0,1.0,6.0,3.0,2.0,8.0,16.0,0,1,2단계_부분_적응,1,0,False,2,1
28714,장애인,2025,0,0,0,0,1,1,1,2.0,3.0,3.0,2.0,3.0,3.0,3.0,2.0,2.0,2.0,2.0,3.0,3.0,2.0,3.0,3.0,2.0,3.0,3.0,3.0,2.0,3.0,2.0,2.0,2.0,2.0,2.0,3.0,2.0,2.0,2.0,2.0,2.0,2.0,2.0,2.0,2.0,2.0,2.0,1.0,0.0,30.0,0.0,2.0,1.0,1.0,1.0,3.0,1.0,2.0,2.0,1.0,2.0,1.0,1.0,1.0,1.0,3.0,1.0,1.0,1.0,2.0,1.0,1.0,2.0,1.0,3.0,2.0,2.0,3.0,2.0,1.0,1.0,1.0,1.0,1.0,1.0,2.0,2.0,1.0,1.0,1.0,1.0,1.0,1.0,1.0,1.0,1.0,1.0,1.0,1.0,1.0,1.0,1.0,1.0,2.0,1.0,1.0,1.0,2.0,3.0,3.0,3.0,3.0,3.0,2.0,2.0,3.0,3.0,3.0,3.0,3.0,3.0,4.0,2.0,2.0,2.0,3.0,3.0,3.0,3.0,3.0,2.0,3.0,3.0,3.0,2.0,2.0,3.0,3.0,3.0,1.0,2.0,3.0,2.0,2.0,2.0,3.0,2.0,2.0,2.0,2.0,3.0,3.0,0,1,1,0,1,0,0,3.0,3.0,3.0,2.0,4.0,3.0,4.0,3.0,3.0,3.0,3.0,1,1,0,0,2,5,19.0,6.0,1.0,14.0,3.0,1.0,2.0,10.0,0,1,2단계_부분_적응,1,0,False,2,1
28734,일반국민,2025,1,1,0,0,1,0,0,2.0,2.0,2.0,3.0,3.0,3.0,2.0,3.0,3.0,2.0,4.0,4.0,4.0,3.0,3.0,3.0,4.0,4.0,4.0,4.0,4.0,4.0,4.0,4.0,4.0,4.0,4.0,4.0,4.0,4.0,3.0,3.0,4.0,4.0,3.0,3.0,3.0,3.0,3.0,1.0,10.0,25.0,0.0,2.0,2.0,2.0,2.0,2.0,2.0,3.0,2.0,2.0,2.0,2.0,2.0,2.0,3.0,2.0,2.0,2.0,3.0,2.0,2.0,2.0,1.0,1.0,2.0,3.0,2.0,1.0,1.0,2.0,2.0,3.0,3.0,3.0,3.0,3.0,3.0,3.0,1.0,1.0,1.0,2.0,1.0,1.0,1.0,1.0,1.0,1.0,1.0,1.0,1.0,1.0,1.0,3.0,2.0,3.0,3.0,1.0,3.0,4.0,3.0,3.0,3.0,4.0,4.0,3.0,3.0,3.0,4.0,4.0,4.0,4.0,4.0,4.0,4.0,4.0,3.0,3.0,2.0,3.0,4.0,4.0,4.0,2.0,3.0,3.0,3.0,4.0,3.0,1.0,3.0,4.0,4.0,3.0,3.0,4.0,4.0,3.0,3.0,3.0,4.0,3.0,0,0,0,0,0,0,0,3.0,4.0,4.0,3.0,3.0,4.0,4.0,3.0,3.0,3.0,2.0,1,0,0,1,8,16,20.0,1.0,1.0,12.0,2.0,1.0,7.0,5.0,0,1,2단계_부분_적응,1,2,False,2,3
28748,고령층,2024,1,0,0,0,1,0,0,2.0,1.0,2.0,3.0,2.0,1.0,1.0,2.0,2.0,2.0,2.0,1.0,1.0,1.0,3.0,3.0,2.0,4.0,3.0,3.0,2.0,3.0,2.0,3.0,2.0,1.0,3.0,3.0,3.0,3.0,2.0,1.0,2.0,2.0,1.0,2.0,1.0,2.0,2.0,1.0,5.0,30.0,0.0,2.0,1.0,3.0,2.0,3.0,2.0,3.0,2.0,1.0,1.0,1.0,1.0,1.0,2.0,3.0,1.0,2.0,2.0,1.0,1.0,1.0,1.0,1.0,3.0,3.0,3.0,2.0,2.0,1.0,1.0,2.0,3.0,1.0,1.0,3.0,1.0,1.0,1.0,1.0,1.0,2.0,1.0,2.0,1.0,1.0,1.0,1.0,1.0,2.0,2.0,2.0,2.0,2.0,1.0,2.0,2.0,3.0,3.0,3.0,3.0,4.0,3.0,4.0,3.0,3.0,3.0,3.0,3.0,3.0,4.0,3.0,3.0,2.0,2.0,3.0,2.0,3.0,3.0,4.0,3.0,3.0,3.0,2.0,2.0,2.0,4.0,3.0,3.0,2.0,2.0,3.0,2.0,3.0,2.0,4.0,3.0,3.0,2.0,3.0,3.0,3.0,0,0,0,1,1,0,0,3.0,2.0,3.0,2.0,3.0,2.0,3.0,3.0,3.0,3.0,4.0,0,1,1,0,5,6,17.0,64.0,1.0,4.0,2.0,2.0,4.0,3.0,0,1,2단계_부분_적응,1,0,False,2,1
28842,저소득층,2025,1,0,0,0,1,0,0,2.0,3.0,2.0,2.0,1.0,2.0,2.0,3.0,1.0,1.0,3.0,1.0,1.0,1.0,3.0,2.0,1.0,3.0,2.0,3.0,2.0,1.0,1.0,1.0,1.0,3.0,4.0,3.0,1.0,1.0,3.0,3.0,4.0,2.0,2.0,3.0,2.0,2.0,2.0,1.0,0.0,30.0,0.0,1.0,1.0,1.0,1.0,4.0,1.0,1.0,1.0,1.0,1.0,1.0,1.0,1.0,3.0,3.0,3.0,3.0,3.0,1.0,1.0,1.0,1.0,1.0,3.0,4.0,1.0,1.0,1.0,1.0,1.0,1.0,1.0,1.0,1.0,3.0,3.0,1.0,1.0,1.0,1.0,3.0,3.0,3.0,3.0,1.0,1.0,1.0,1.0,3.0,3.0,3.0,3.0,1.0,1.0,2.0,1.0,1.0,3.0,4.0,3.0,2.0,3.0,2.0,3.0,2.0,2.0,2.0,3.0,2.0,3.0,3.0,3.0,2.0,3.0,3.0,3.0,3.0,2.0,3.0,3.0,3.0,2.0,3.0,3.0,2.0,3.0,3.0,3.0,2.0,3.0,3.0,2.0,3.0,3.0,2.0,3.0,3.0,3.0,2.0,3.0,2.0,0,1,1,1,1,1,0,3.0,2.0,3.0,3.0,2.0,3.0,3.0,2.0,3.0,2.0,4.0,1,1,0,0,8,8,24.0,4.0,1.0,14.0,3.0,2.0,2.0,7.0,0,1,2단계_부분_적응,1,0,False,2,1
28908,고령층,2025,0,0,0,0,1,0,0,2.0,3.0,3.0,3.0,3.0,4.0,1.0,2.0,1.0,1.0,1.0,2.0,2.0,3.0,4.0,3.0,3.0,4.0,4.0,3.0,3.0,4.0,3.0,3.0,4.0,2.0,1.0,3.0,2.0,3.0,2.0,3.0,1.0,1.0,1.0,1.0,1.0,2.0,2.0,2.0,0.0,0.0,0.0,1.0,1.0,1.0,1.0,3.0,2.0,3.0,1.0,1.0,1.0,1.0,1.0,1.0,2.0,3.0,2.0,2.0,1.0,1.0,1.0,1.0,1.0,1.0,3.0,3.0,3.0,2.0,2.0,1.0,1.0,2.0,2.0,1.0,1.0,3.0,2.0,1.0,1.0,1.0,1.0,2.0,1.0,1.0,1.0,1.0,1.0,1.0,1.0,1.0,1.0,2.0,2.0,2.0,1.0,1.0,1.0,3.0,3.0,3.0,2.0,2.0,2.0,1.0,1.0,2.0,2.0,2.0,2.0,3.0,4.0,3.0,2.0,1.0,3.0,3.0,3.0,3.0,2.0,2.0,4.0,4.0,3.0,3.0,2.0,3.0,3.0,2.0,3.0,2.0,2.0,1.0,2.0,3.0,3.0,2.0,3.0,3.0,2.0,3.0,1.0,3.0,0,0,0,0,0,0,0,1.0,1.0,2.0,2.0,2.0,2.0,1.0,3.0,4.0,2.0,3.0,1,1,1,0,2,6,16.0,1.0,1.0,6.0,3.0,1.0,4.0,15.0,0,1,2단계_부분_적응,1,0,False,2,1
28965,고령층,2024,1,0,0,0,1,1,0,2.0,2.0,2.0,3.0,2.0,4.0,1.0,2.0,3.0,2.0,3.0,2.0,3.0,3.0,3.0,1.0,2.0,3.0,3.0,2.0,3.0,2.0,2.0,2.0,2.0,2.0,3.0,3.0,2.0,3.0,3.0,2.0,1.0,1.0,1.0,2.0,1.0,1.0,1.0,1.0,10.0,20.0,0.0,2.0,2.0,2.0,1.0,3.0,2.0,2.0,1.0,1.0,1.0,1.0,1.0,1.0,3.0,4.0,1.0,3.0,1.0,1.0,1.0,3.0,1.0,1.0,3.0,2.0,3.0,1.0,1.0,2.0,2.0,2.0,2.0,1.0,1.0,2.0,2.0,1.0,1.0,1.0,1.0,1.0,1.0,1.0,1.0,1.0,1.0,1.0,1.0,2.0,1.0,3.0,1.0,1.0,1.0,1.0,1.0,1.0,3.0,3.0,3.0,2.0,2.0,2.0,2.0,3.0,3.0,3.0,3.0,3.0,3.0,3.0,2.0,2.0,2.0,3.0,3.0,3.0,3.0,3.0,2.0,2.0,3.0,2.0,3.0,2.0,3.0,3.0,2.0,2.0,2.0,2.0,2.0,2.0,1.0,2.0,2.0,2.0,1.0,2.0,3.0,3.0,0,1,0,1,1,0,0,3.0,4.0,2.0,3.0,2.0,3.0,3.0,2.0,3.0,2.0,4.0,1,1,0,0,8,8,24.0,60.0,1.0,4.0,3.0,2.0,6.0,9.0,0,1,2단계_부분_적응,1,0,False,2,1
28979,장애인,2025,1,0,0,0,1,1,1,3.0,3.0,2.0,1.0,1.0,2.0,2.0,1.0,1.0,1.0,1.0,2.0,2.0,1.0,3.0,3.0,3.0,2.0,2.0,2.0,3.0,3.0,4.0,3.0,2.0,2.0,3.0,3.0,3.0,2.0,2.0,3.0,2.0,3.0,2.0,2.0,2.0,2.0,2.0,1.0,0.0,20.0,0.0,2.0,1.0,1.0,1.0,3.0,3.0,3.0,2.0,1.0,2.0,1.0,1.0,1.0,2.0,3.0,2.0,2.0,2.0,1.0,1.0,1.0,1.0,1.0,2.0,3.0,1.0,1.0,1.0,1.0,1.0,1.0,1.0,1.0,1.0,1.0,1.0,2.0,1.0,1.0,1.0,2.0,2.0,2.0,3.0,1.0,1.0,1.0,1.0,1.0,1.0,1.0,1.0,2.0,1.0,1.0,2.0,2.0,2.0,1.0,1.0,2.0,1.0,1.0,1.0,1.0,2.0,1.0,3.0,2.0,2.0,2.0,1.0,2.0,1.0,1.0,2.0,3.0,2.0,2.0,2.0,2.0,3.0,2.0,3.0,2.0,3.0,1.0,2.0,2.0,3.0,3.0,4.0,3.0,3.0,3.0,2.0,3.0,2.0,2.0,2.0,2.0,1,1,1,0,0,0,0,4.0,4.0,3.0,3.0,3.0,4.0,2.0,3.0,3.0,3.0,4.0,1,0,0,0,3,4,15.0,6.0,2.0,14.0,2.0,2.0,1.0,15.0,0,1,2단계_부분_적응,1,0,False,2,1
29070,일반국민,2024,1,1,0,0,1,1,1,3.0,2.0,3.0,4.0,4.0,3.0,2.0,4.0,4.0,4.0,4.0,4.0,4.0,3.0,4.0,4.0,4.0,4.0,4.0,2.0,3.0,4.0,3.0,4.0,3.0,3.0,3.0,3.0,3.0,3.0,3.0,2.0,3.0,3.0,3.0,3.0,3.0,3.0,3.0,1.0,3.0,7.0,0.0,3.0,3.0,3.0,2.0,4.0,3.0,4.0,2.0,1.0,1.0,1.0,1.0,3.0,4.0,4.0,2.0,2.0,2.0,2.0,2.0,2.0,3.0,3.0,4.0,4.0,4.0,2.0,2.0,2.0,2.0,3.0,3.0,2.0,2.0,4.0,4.0,1.0,1.0,1.0,1.0,1.0,1.0,1.0,1.0,1.0,1.0,1.0,1.0,1.0,1.0,1.0,1.0,3.0,3.0,3.0,2.0,4.0,3.0,4.0,3.0,3.0,4.0,4.0,3.0,4.0,3.0,3.0,4.0,4.0,4.0,4.0,4.0,4.0,4.0,4.0,3.0,2.0,3.0,3.0,4.0,4.0,3.0,2.0,3.0,3.0,3.0,3.0,2.0,1.0,3.0,4.0,3.0,4.0,3.0,3.0,4.0,3.0,2.0,3.0,3.0,3.0,0,0,0,0,0,0,0,3.0,4.0,4.0,3.0,4.0,3.0,3.0,4.0,3.0,3.0,3.0,0,0,1,1,5,13,32.0,46.0,1.0,5.0,3.0,2.0,6.0,4.0,0,1,2단계_부분_적응,1,2,False,2,3
29136,고령층,2024,1,0,0,0,1,0,0,1.0,1.0,2.0,3.0,3.0,3.0,1.0,2.0,2.0,2.0,2.0,2.0,2.0,2.0,3.0,3.0,2.0,3.0,2.0,3.0,3.0,2.0,2.0,2.0,3.0,1.0,3.0,3.0,1.0,3.0,3.0,1.0,1.0,2.0,2.0,1.0,1.0,1.0,1.0,1.0,0.0,30.0,0.0,1.0,1.0,1.0,1.0,3.0,3.0,3.0,2.0,1.0,1.0,1.0,1.0,1.0,3.0,4.0,3.0,3.0,1.0,1.0,1.0,1.0,1.0,1.0,3.0,3.0,3.0,2.0,2.0,1.0,1.0,3.0,3.0,1.0,1.0,2.0,2.0,1.0,1.0,1.0,1.0,2.0,2.0,2.0,2.0,1.0,3.0,3.0,1.0,2.0,2.0,1.0,1.0,1.0,1.0,2.0,1.0,2.0,3.0,3.0,2.0,3.0,3.0,3.0,3.0,4.0,4.0,4.0,4.0,3.0,4.0,4.0,2.0,2.0,2.0,3.0,2.0,3.0,3.0,2.0,3.0,3.0,2.0,2.0,3.0,3.0,3.0,3.0,2.0,1.0,2.0,2.0,2.0,2.0,2.0,2.0,2.0,2.0,2.0,3.0,2.0,3.0,0,0,0,0,0,0,0,2.0,2.0,2.0,3.0,4.0,3.0,4.0,3.0,3.0,3.0,3.0,1,1,0,0,1,3,17.0,62.0,2.0,5.0,3.0,2.0,5.0,10.0,0,1,2단계_부분_적응,1,0,False,2,1
29156,장애인,2025,0,0,1,0,1,0,0,4.0,3.0,2.0,4.0,1.0,1.0,1.0,3.0,3.0,1.0,1.0,2.0,1.0,1.0,4.0,3.0,1.0,4.0,4.0,1.0,4.0,4.0,3.0,1.0,1.0,1.0,4.0,4.0,4.0,3.0,2.0,1.0,1.0,1.0,1.0,1.0,2.0,1.0,1.0,1.0,0.0,30.0,0.0,1.0,1.0,1.0,1.0,4.0,2.0,1.0,1.0,1.0,1.0,1.0,1.0,1.0,1.0,4.0,1.0,1.0,1.0,1.0,1.0,1.0,1.0,1.0,4.0,4.0,4.0,1.0,1.0,1.0,1.0,1.0,1.0,1.0,1.0,4.0,1.0,1.0,1.0,1.0,1.0,1.0,1.0,1.0,1.0,1.0,1.0,1.0,1.0,1.0,1.0,1.0,3.0,2.0,1.0,1.0,1.0,4.0,4.0,4.0,3.0,4.0,4.0,2.0,2.0,1.0,1.0,1.0,4.0,4.0,4.0,3.0,2.0,2.0,2.0,4.0,2.0,2.0,2.0,2.0,4.0,3.0,3.0,3.0,2.0,2.0,3.0,3.0,2.0,1.0,1.0,3.0,1.0,1.0,2.0,1.0,1.0,1.0,1.0,1.0,3.0,3.0,0,0,0,0,0,0,0,3.0,4.0,4.0,4.0,4.0,4.0,3.0,4.0,3.0,3.0,4.0,1,1,1,1,4,7,26.0,6.0,1.0,14.0,3.0,2.0,4.0,5.0,0,1,2단계_부분_적응,1,0,False,2,1
29187,일반국민,2025,1,0,0,0,1,0,0,2.0,4.0,1.0,3.0,1.0,1.0,1.0,2.0,1.0,2.0,1.0,4.0,2.0,3.0,3.0,4.0,4.0,4.0,3.0,1.0,3.0,3.0,2.0,2.0,2.0,1.0,2.0,3.0,3.0,4.0,3.0,2.0,2.0,1.0,2.0,2.0,3.0,1.0,2.0,1.0,30.0,30.0,0.0,1.0,1.0,4.0,2.0,3.0,1.0,4.0,1.0,1.0,1.0,1.0,1.0,1.0,1.0,3.0,1.0,1.0,1.0,1.0,1.0,1.0,1.0,1.0,4.0,1.0,1.0,1.0,1.0,1.0,1.0,1.0,1.0,1.0,1.0,4.0,1.0,1.0,1.0,1.0,1.0,1.0,1.0,1.0,1.0,1.0,1.0,1.0,1.0,1.0,1.0,1.0,1.0,2.0,1.0,2.0,2.0,3.0,3.0,4.0,3.0,3.0,3.0,2.0,2.0,1.0,2.0,2.0,4.0,4.0,3.0,3.0,3.0,4.0,3.0,3.0,3.0,2.0,2.0,1.0,4.0,3.0,4.0,2.0,2.0,3.0,3.0,2.0,3.0,2.0,2.0,3.0,2.0,2.0,3.0,4.0,2.0,2.0,3.0,3.0,3.0,4.0,0,0,0,1,0,0,0,3.0,4.0,3.0,2.0,3.0,4.0,3.0,2.0,4.0,3.0,4.0,1,1,0,0,8,13,23.0,1.0,2.0,12.0,1.0,2.0,6.0,5.0,0,1,2단계_부분_적응,1,0,False,2,1
29235,일반국민,2025,0,1,1,1,1,1,1,2.0,3.0,4.0,2.0,3.0,3.0,1.0,4.0,4.0,4.0,4.0,4.0,3.0,4.0,4.0,4.0,4.0,4.0,4.0,3.0,4.0,4.0,4.0,4.0,4.0,4.0,4.0,4.0,4.0,4.0,4.0,4.0,4.0,3.0,4.0,2.0,3.0,3.0,3.0,1.0,22.0,30.0,15.0,3.0,2.0,2.0,3.0,4.0,3.0,4.0,2.0,1.0,1.0,1.0,1.0,3.0,1.0,4.0,1.0,1.0,3.0,2.0,2.0,2.0,2.0,1.0,4.0,4.0,3.0,3.0,2.0,1.0,1.0,1.0,3.0,1.0,1.0,4.0,2.0,1.0,1.0,1.0,1.0,1.0,1.0,1.0,1.0,3.0,1.0,3.0,1.0,3.0,1.0,4.0,2.0,4.0,1.0,1.0,1.0,4.0,3.0,3.0,4.0,4.0,4.0,3.0,3.0,4.0,3.0,3.0,4.0,4.0,4.0,4.0,4.0,4.0,4.0,4.0,3.0,3.0,3.0,3.0,2.0,3.0,3.0,2.0,2.0,3.0,3.0,3.0,2.0,1.0,3.0,3.0,4.0,4.0,4.0,3.0,3.0,3.0,4.0,4.0,4.0,4.0,0,0,0,0,0,0,0,3.0,3.0,4.0,4.0,4.0,3.0,4.0,4.0,4.0,4.0,4.0,0,0,1,1,8,20,28.0,5.0,1.0,3.0,4.0,9997.0,5.0,4.0,0,1,2단계_부분_적응,1,2,False,2,3
29280,농어민,2025,1,0,0,0,1,1,0,2.0,2.0,3.0,3.0,4.0,2.0,2.0,4.0,4.0,3.0,4.0,3.0,3.0,3.0,4.0,4.0,3.0,4.0,4.0,3.0,3.0,4.0,3.0,3.0,3.0,3.0,4.0,4.0,4.0,3.0,3.0,3.0,3.0,2.0,2.0,3.0,4.0,3.0,2.0,1.0,8.0,30.0,0.0,3.0,1.0,1.0,3.0,4.0,1.0,3.0,2.0,1.0,3.0,1.0,3.0,1.0,1.0,4.0,1.0,2.0,1.0,3.0,3.0,1.0,3.0,2.0,4.0,3.0,4.0,3.0,2.0,2.0,1.0,2.0,1.0,3.0,1.0,3.0,1.0,3.0,1.0,1.0,1.0,2.0,1.0,1.0,1.0,1.0,1.0,3.0,3.0,1.0,1.0,3.0,4.0,3.0,1.0,2.0,2.0,3.0,3.0,4.0,4.0,3.0,3.0,3.0,4.0,3.0,3.0,3.0,3.0,4.0,3.0,3.0,3.0,3.0,3.0,4.0,3.0,3.0,3.0,4.0,4.0,3.0,3.0,3.0,3.0,3.0,4.0,3.0,3.0,1.0,3.0,4.0,3.0,3.0,3.0,4.0,3.0,3.0,4.0,4.0,3.0,3.0,0,0,0,0,0,0,0,3.0,3.0,4.0,4.0,3.0,4.0,3.0,3.0,4.0,3.0,2.0,0,1,1,0,8,19,25.0,5.0,1.0,6.0,3.0,2.0,3.0,14.0,0,1,2단계_부분_적응,1,2,False,2,3
29336,일반국민,2024,0,0,0,0,1,0,0,1.0,2.0,3.0,2.0,2.0,4.0,1.0,3.0,4.0,3.0,3.0,2.0,2.0,2.0,2.0,2.0,3.0,3.0,3.0,3.0,3.0,3.0,1.0,2.0,1.0,1.0,3.0,1.0,1.0,3.0,3.0,3.0,2.0,2.0,2.0,3.0,3.0,2.0,2.0,1.0,0.0,30.0,0.0,1.0,1.0,1.0,1.0,4.0,2.0,3.0,1.0,1.0,1.0,1.0,1.0,1.0,2.0,3.0,3.0,2.0,1.0,1.0,2.0,2.0,2.0,2.0,2.0,3.0,2.0,2.0,2.0,1.0,1.0,1.0,1.0,1.0,1.0,1.0,1.0,1.0,1.0,1.0,1.0,1.0,1.0,1.0,1.0,1.0,1.0,1.0,1.0,1.0,1.0,1.0,1.0,1.0,1.0,1.0,1.0,1.0,3.0,3.0,3.0,3.0,2.0,2.0,2.0,2.0,2.0,2.0,3.0,3.0,3.0,2.0,3.0,4.0,3.0,3.0,2.0,2.0,3.0,2.0,3.0,3.0,2.0,2.0,3.0,3.0,2.0,2.0,2.0,2.0,3.0,2.0,2.0,1.0,2.0,1.0,1.0,1.0,1.0,1.0,1.0,2.0,0,0,0,0,0,0,0,3.0,2.0,2.0,2.0,2.0,2.0,2.0,1.0,2.0,2.0,3.0,1,1,0,0,0,0,18.0,36.0,1.0,6.0,3.0,2.0,4.0,15.0,0,1,2단계_부분_적응,1,0,False,2,1
29525,저소득층,2025,0,1,1,0,1,0,0,2.0,2.0,2.0,3.0,1.0,3.0,1.0,3.0,2.0,2.0,2.0,3.0,2.0,3.0,3.0,1.0,1.0,3.0,3.0,1.0,3.0,2.0,2.0,2.0,2.0,2.0,3.0,3.0,1.0,4.0,1.0,3.0,1.0,2.0,1.0,2.0,2.0,2.0,1.0,1.0,0.0,20.0,0.0,3.0,1.0,2.0,2.0,3.0,2.0,3.0,2.0,1.0,1.0,1.0,1.0,1.0,3.0,3.0,3.0,1.0,1.0,1.0,1.0,1.0,1.0,1.0,3.0,3.0,4.0,3.0,1.0,1.0,1.0,2.0,3.0,1.0,1.0,2.0,3.0,1.0,1.0,1.0,1.0,3.0,2.0,3.0,3.0,1.0,1.0,1.0,1.0,1.0,1.0,1.0,1.0,1.0,1.0,1.0,1.0,1.0,3.0,3.0,2.0,3.0,3.0,3.0,3.0,3.0,2.0,2.0,4.0,4.0,4.0,4.0,4.0,4.0,4.0,4.0,3.0,2.0,3.0,3.0,3.0,2.0,3.0,3.0,3.0,2.0,3.0,3.0,3.0,2.0,2.0,2.0,2.0,2.0,3.0,3.0,2.0,2.0,2.0,3.0,3.0,3.0,0,0,0,0,0,0,0,3.0,3.0,3.0,4.0,3.0,3.0,3.0,3.0,3.0,3.0,4.0,1,0,0,0,0,0,16.0,5.0,1.0,14.0,1.0,2.0,2.0,13.0,0,1,2단계_부분_적응,1,0,False,2,1
29722,일반국민,2025,1,0,1,0,1,0,0,2.0,2.0,2.0,3.0,3.0,2.0,1.0,2.0,2.0,2.0,2.0,2.0,2.0,2.0,3.0,3.0,3.0,3.0,3.0,2.0,2.0,3.0,3.0,3.0,3.0,3.0,1.0,3.0,3.0,2.0,3.0,1.0,1.0,1.0,1.0,1.0,1.0,1.0,1.0,1.0,10.0,30.0,30.0,2.0,2.0,2.0,3.0,3.0,3.0,3.0,3.0,2.0,2.0,1.0,1.0,1.0,3.0,3.0,2.0,2.0,2.0,1.0,1.0,1.0,1.0,1.0,2.0,1.0,1.0,1.0,1.0,2.0,2.0,2.0,2.0,2.0,2.0,3.0,3.0,1.0,1.0,1.0,1.0,1.0,1.0,1.0,1.0,1.0,1.0,1.0,1.0,1.0,1.0,1.0,1.0,3.0,1.0,1.0,1.0,3.0,4.0,4.0,4.0,4.0,4.0,4.0,4.0,4.0,4.0,4.0,4.0,4.0,4.0,4.0,3.0,3.0,3.0,3.0,3.0,3.0,3.0,3.0,4.0,3.0,3.0,2.0,3.0,3.0,3.0,3.0,3.0,1.0,2.0,2.0,2.0,2.0,2.0,2.0,2.0,2.0,2.0,2.0,2.0,2.0,0,1,1,1,0,0,0,3.0,2.0,2.0,2.0,3.0,2.0,3.0,3.0,3.0,3.0,4.0,1,1,0,0,2,5,15.0,1.0,2.0,12.0,1.0,2.0,6.0,16.0,0,1,2단계_부분_적응,1,0,False,2,1
29738,일반국민,2024,0,0,1,0,1,1,0,3.0,2.0,3.0,2.0,2.0,3.0,1.0,3.0,3.0,3.0,3.0,2.0,2.0,3.0,4.0,4.0,4.0,4.0,4.0,2.0,4.0,4.0,4.0,4.0,4.0,4.0,4.0,4.0,4.0,4.0,4.0,3.0,4.0,4.0,4.0,4.0,4.0,4.0,4.0,1.0,22.0,30.0,0.0,3.0,3.0,3.0,2.0,3.0,3.0,3.0,2.0,2.0,2.0,2.0,2.0,2.0,3.0,3.0,1.0,2.0,3.0,3.0,3.0,2.0,3.0,3.0,4.0,4.0,4.0,2.0,3.0,1.0,1.0,1.0,1.0,2.0,2.0,2.0,2.0,1.0,1.0,1.0,1.0,1.0,1.0,1.0,1.0,2.0,1.0,1.0,1.0,2.0,1.0,1.0,1.0,2.0,1.0,1.0,1.0,4.0,3.0,3.0,3.0,3.0,3.0,3.0,3.0,3.0,3.0,3.0,3.0,3.0,3.0,3.0,3.0,3.0,3.0,3.0,3.0,3.0,2.0,3.0,3.0,3.0,3.0,2.0,2.0,2.0,3.0,2.0,2.0,1.0,3.0,3.0,3.0,3.0,3.0,3.0,3.0,3.0,3.0,3.0,3.0,3.0,0,0,0,0,0,0,0,3.0,3.0,3.0,3.0,3.0,3.0,3.0,3.0,3.0,3.0,2.0,1,0,0,0,8,13,16.0,29.0,1.0,3.0,4.0,1.0,4.0,13.0,0,1,2단계_부분_적응,1,2,False,2,3
29741,일반국민,2024,0,0,0,0,1,0,0,2.0,3.0,2.0,3.0,2.0,1.0,1.0,2.0,2.0,2.0,2.0,2.0,2.0,2.0,3.0,2.0,2.0,3.0,3.0,2.0,3.0,3.0,2.0,2.0,2.0,2.0,3.0,3.0,3.0,3.0,2.0,2.0,2.0,2.0,2.0,1.0,2.0,2.0,2.0,1.0,0.0,30.0,0.0,1.0,1.0,1.0,1.0,3.0,1.0,3.0,1.0,1.0,1.0,1.0,1.0,1.0,2.0,3.0,2.0,2.0,2.0,1.0,1.0,1.0,1.0,1.0,3.0,3.0,3.0,2.0,2.0,1.0,1.0,2.0,2.0,1.0,1.0,3.0,2.0,1.0,1.0,1.0,1.0,1.0,1.0,1.0,1.0,1.0,1.0,1.0,1.0,1.0,1.0,3.0,1.0,1.0,1.0,1.0,1.0,3.0,3.0,3.0,3.0,3.0,3.0,3.0,2.0,2.0,3.0,2.0,3.0,3.0,3.0,2.0,2.0,2.0,2.0,2.0,3.0,3.0,3.0,3.0,4.0,3.0,3.0,2.0,2.0,2.0,3.0,3.0,2.0,2.0,2.0,2.0,1.0,2.0,2.0,2.0,2.0,2.0,2.0,2.0,3.0,3.0,0,1,0,0,0,0,0,3.0,3.0,3.0,4.0,4.0,4.0,2.0,4.0,3.0,2.0,3.0,0,1,0,0,1,1,26.0,69.0,1.0,6.0,2.0,2.0,4.0,15.0,0,1,2단계_부분_적응,1,0,False,2,1
29954,일반국민,2025,0,0,0,1,1,1,1,3.0,3.0,2.0,2.0,2.0,3.0,2.0,3.0,3.0,3.0,3.0,3.0,3.0,3.0,3.0,3.0,3.0,3.0,3.0,3.0,3.0,3.0,3.0,3.0,3.0,3.0,3.0,3.0,3.0,3.0,3.0,3.0,3.0,3.0,3.0,3.0,3.0,3.0,3.0,1.0,10.0,30.0,15.0,2.0,3.0,2.0,2.0,3.0,3.0,3.0,2.0,2.0,3.0,2.0,2.0,2.0,2.0,3.0,2.0,2.0,2.0,2.0,3.0,2.0,2.0,2.0,2.0,2.0,3.0,3.0,2.0,2.0,2.0,2.0,2.0,2.0,2.0,2.0,2.0,1.0,1.0,1.0,1.0,1.0,1.0,1.0,1.0,2.0,2.0,2.0,2.0,2.0,2.0,2.0,2.0,2.0,1.0,3.0,1.0,3.0,3.0,3.0,3.0,3.0,3.0,3.0,2.0,2.0,3.0,3.0,3.0,3.0,3.0,3.0,3.0,3.0,3.0,3.0,2.0,2.0,2.0,3.0,3.0,2.0,3.0,2.0,2.0,2.0,3.0,3.0,2.0,1.0,3.0,3.0,3.0,3.0,3.0,3.0,3.0,3.0,3.0,3.0,3.0,3.0,0,0,0,0,0,0,0,3.0,3.0,3.0,3.0,3.0,3.0,3.0,3.0,3.0,3.0,2.0,0,1,1,1,8,17,22.0,2.0,2.0,4.0,3.0,2.0,4.0,13.0,0,1,2단계_부분_적응,1,2,False,2,3
30010,고령층,2025,0,0,0,0,1,0,0,2.0,3.0,2.0,3.0,3.0,4.0,2.0,2.0,2.0,1.0,2.0,3.0,1.0,2.0,3.0,3.0,4.0,4.0,2.0,1.0,3.0,3.0,2.0,2.0,1.0,2.0,2.0,3.0,3.0,4.0,2.0,1.0,2.0,3.0,2.0,2.0,3.0,2.0,2.0,1.0,0.0,30.0,0.0,1.0,1.0,1.0,1.0,4.0,1.0,2.0,1.0,1.0,1.0,1.0,1.0,1.0,1.0,3.0,1.0,1.0,1.0,1.0,1.0,1.0,1.0,1.0,4.0,2.0,3.0,1.0,3.0,1.0,1.0,1.0,1.0,1.0,1.0,3.0,1.0,1.0,1.0,1.0,1.0,1.0,1.0,1.0,1.0,1.0,1.0,1.0,1.0,1.0,1.0,1.0,1.0,2.0,1.0,2.0,2.0,3.0,3.0,4.0,4.0,3.0,3.0,2.0,2.0,2.0,1.0,2.0,3.0,4.0,4.0,3.0,2.0,2.0,1.0,3.0,2.0,2.0,1.0,1.0,4.0,3.0,3.0,2.0,2.0,3.0,2.0,1.0,2.0,2.0,2.0,3.0,2.0,1.0,2.0,2.0,1.0,2.0,2.0,1.0,2.0,3.0,0,0,1,0,0,0,0,3.0,2.0,3.0,2.0,3.0,4.0,2.0,3.0,3.0,3.0,4.0,1,1,0,0,8,11,11.0,2.0,1.0,8.0,3.0,2.0,5.0,5.0,0,1,2단계_부분_적응,1,0,False,2,1
30041,저소득층,2025,0,0,0,0,1,0,0,2.0,3.0,2.0,3.0,1.0,4.0,2.0,2.0,1.0,3.0,3.0,3.0,3.0,3.0,3.0,3.0,3.0,3.0,3.0,3.0,1.0,3.0,2.0,1.0,3.0,2.0,2.0,3.0,3.0,3.0,1.0,2.0,1.0,1.0,2.0,2.0,3.0,2.0,2.0,1.0,0.0,30.0,0.0,1.0,1.0,1.0,1.0,3.0,3.0,3.0,1.0,1.0,1.0,1.0,1.0,1.0,1.0,3.0,1.0,1.0,1.0,1.0,1.0,1.0,1.0,1.0,3.0,1.0,3.0,2.0,1.0,1.0,1.0,3.0,1.0,1.0,1.0,3.0,1.0,1.0,1.0,1.0,1.0,1.0,1.0,1.0,1.0,1.0,1.0,1.0,1.0,1.0,1.0,1.0,1.0,2.0,1.0,2.0,2.0,3.0,3.0,3.0,2.0,1.0,2.0,3.0,3.0,3.0,3.0,3.0,3.0,3.0,3.0,3.0,2.0,2.0,2.0,2.0,2.0,1.0,2.0,2.0,3.0,2.0,3.0,2.0,2.0,2.0,3.0,2.0,2.0,2.0,2.0,3.0,2.0,3.0,2.0,3.0,2.0,2.0,3.0,2.0,2.0,2.0,0,1,1,0,1,0,0,2.0,3.0,3.0,2.0,3.0,3.0,3.0,3.0,3.0,3.0,4.0,1,0,0,0,3,3,24.0,6.0,1.0,14.0,2.0,2.0,1.0,9.0,0,1,2단계_부분_적응,1,0,False,2,1
30096,장애인,2025,0,1,0,0,1,0,0,2.0,2.0,3.0,3.0,3.0,3.0,3.0,2.0,3.0,2.0,2.0,2.0,1.0,3.0,3.0,2.0,2.0,2.0,3.0,3.0,2.0,2.0,2.0,2.0,2.0,2.0,3.0,3.0,2.0,3.0,2.0,3.0,2.0,2.0,2.0,2.0,2.0,2.0,2.0,1.0,3.0,15.0,0.0,1.0,1.0,1.0,1.0,3.0,3.0,3.0,1.0,1.0,1.0,1.0,1.0,1.0,2.0,2.0,2.0,2.0,2.0,1.0,1.0,1.0,1.0,1.0,3.0,3.0,3.0,3.0,3.0,1.0,1.0,1.0,1.0,1.0,1.0,1.0,1.0,1.0,1.0,1.0,1.0,2.0,2.0,2.0,3.0,1.0,1.0,1.0,1.0,3.0,2.0,2.0,2.0,1.0,1.0,1.0,1.0,1.0,1.0,1.0,1.0,1.0,1.0,1.0,1.0,1.0,1.0,1.0,3.0,3.0,3.0,3.0,1.0,2.0,1.0,2.0,3.0,3.0,3.0,3.0,3.0,3.0,3.0,3.0,3.0,3.0,3.0,3.0,3.0,2.0,2.0,2.0,2.0,2.0,2.0,2.0,2.0,2.0,2.0,2.0,2.0,2.0,0,0,0,0,0,0,0,3.0,3.0,3.0,3.0,3.0,3.0,3.0,3.0,3.0,3.0,2.0,0,1,0,0,0,0,24.0,2.0,1.0,14.0,3.0,2.0,4.0,1.0,0,1,2단계_부분_적응,1,0,False,2,1
30098,저소득층,2024,1,0,0,0,1,1,0,2.0,2.0,1.0,2.0,3.0,4.0,2.0,1.0,1.0,1.0,1.0,1.0,1.0,1.0,3.0,3.0,1.0,3.0,3.0,1.0,2.0,3.0,1.0,2.0,1.0,1.0,3.0,3.0,3.0,3.0,3.0,3.0,1.0,2.0,1.0,1.0,3.0,2.0,1.0,1.0,3.0,20.0,0.0,3.0,3.0,3.0,3.0,3.0,3.0,3.0,3.0,1.0,3.0,1.0,1.0,1.0,1.0,4.0,1.0,1.0,1.0,2.0,3.0,3.0,1.0,1.0,3.0,3.0,3.0,1.0,1.0,1.0,3.0,1.0,3.0,3.0,1.0,3.0,1.0,1.0,1.0,1.0,3.0,1.0,1.0,1.0,3.0,3.0,1.0,3.0,3.0,3.0,1.0,3.0,3.0,1.0,1.0,2.0,1.0,3.0,2.0,3.0,3.0,3.0,3.0,2.0,2.0,2.0,3.0,2.0,3.0,3.0,3.0,3.0,1.0,2.0,1.0,3.0,2.0,1.0,2.0,3.0,3.0,2.0,3.0,1.0,2.0,1.0,2.0,2.0,2.0,1.0,3.0,3.0,2.0,2.0,1.0,2.0,2.0,3.0,3.0,3.0,4.0,3.0,1,1,1,0,0,1,0,3.0,4.0,3.0,2.0,4.0,3.0,3.0,2.0,4.0,3.0,4.0,1,1,0,0,2,4,17.0,58.0,2.0,9.0,2.0,2.0,2.0,2.0,0,1,2단계_부분_적응,1,0,False,2,1
30284,저소득층,2024,1,0,0,0,1,1,0,1.0,1.0,3.0,3.0,3.0,3.0,1.0,2.0,2.0,3.0,3.0,3.0,3.0,1.0,3.0,1.0,3.0,2.0,1.0,2.0,3.0,2.0,2.0,2.0,3.0,3.0,2.0,3.0,1.0,3.0,2.0,1.0,2.0,1.0,2.0,2.0,1.0,2.0,2.0,1.0,0.0,30.0,0.0,1.0,1.0,1.0,1.0,3.0,1.0,2.0,3.0,1.0,1.0,1.0,1.0,1.0,3.0,3.0,3.0,2.0,3.0,1.0,1.0,1.0,1.0,1.0,3.0,1.0,3.0,3.0,3.0,1.0,1.0,3.0,2.0,1.0,1.0,1.0,1.0,1.0,1.0,1.0,1.0,3.0,1.0,2.0,1.0,1.0,1.0,1.0,1.0,2.0,3.0,3.0,2.0,1.0,1.0,1.0,1.0,1.0,3.0,3.0,2.0,3.0,2.0,3.0,3.0,3.0,2.0,2.0,3.0,3.0,3.0,3.0,3.0,2.0,3.0,3.0,3.0,2.0,3.0,2.0,3.0,2.0,2.0,2.0,3.0,3.0,3.0,3.0,3.0,2.0,3.0,2.0,3.0,2.0,2.0,3.0,2.0,3.0,3.0,3.0,3.0,2.0,0,0,0,0,0,0,0,1.0,2.0,2.0,1.0,2.0,2.0,2.0,2.0,2.0,2.0,4.0,1,0,0,0,0,0,23.0,52.0,2.0,5.0,3.0,2.0,2.0,13.0,0,1,2단계_부분_적응,1,0,False,2,1
30391,농어민,2025,0,0,0,0,1,1,0,2.0,3.0,2.0,2.0,4.0,4.0,4.0,2.0,3.0,1.0,2.0,3.0,2.0,1.0,3.0,3.0,1.0,3.0,3.0,3.0,3.0,3.0,2.0,2.0,3.0,1.0,2.0,3.0,2.0,1.0,3.0,2.0,3.0,3.0,2.0,1.0,2.0,2.0,1.0,1.0,0.0,30.0,0.0,1.0,1.0,1.0,1.0,4.0,1.0,3.0,1.0,1.0,1.0,1.0,1.0,1.0,3.0,3.0,3.0,3.0,1.0,1.0,1.0,1.0,1.0,1.0,3.0,1.0,2.0,2.0,3.0,1.0,1.0,1.0,1.0,1.0,1.0,1.0,1.0,1.0,1.0,1.0,1.0,2.0,2.0,1.0,1.0,1.0,1.0,1.0,1.0,3.0,3.0,2.0,2.0,2.0,2.0,1.0,1.0,2.0,3.0,3.0,4.0,4.0,3.0,3.0,4.0,3.0,3.0,3.0,3.0,3.0,3.0,3.0,2.0,2.0,2.0,2.0,3.0,3.0,3.0,4.0,4.0,4.0,3.0,2.0,3.0,3.0,4.0,4.0,4.0,2.0,3.0,3.0,3.0,3.0,4.0,4.0,4.0,4.0,3.0,3.0,2.0,3.0,0,0,0,0,0,0,0,3.0,3.0,3.0,2.0,1.0,2.0,3.0,3.0,2.0,2.0,4.0,1,0,0,0,1,3,17.0,5.0,2.0,6.0,2.0,2.0,3.0,12.0,0,1,2단계_부분_적응,1,0,False,2,1
30400,고령층,2024,0,0,0,0,1,0,0,2.0,3.0,2.0,3.0,2.0,1.0,1.0,2.0,2.0,2.0,2.0,2.0,2.0,2.0,3.0,2.0,2.0,3.0,3.0,2.0,3.0,3.0,2.0,2.0,2.0,2.0,3.0,3.0,3.0,3.0,2.0,2.0,2.0,2.0,2.0,1.0,2.0,2.0,2.0,1.0,0.0,30.0,0.0,1.0,1.0,1.0,1.0,3.0,1.0,3.0,1.0,1.0,1.0,1.0,1.0,1.0,2.0,3.0,2.0,2.0,2.0,1.0,1.0,1.0,1.0,1.0,3.0,3.0,3.0,2.0,2.0,1.0,1.0,2.0,2.0,1.0,1.0,3.0,2.0,1.0,1.0,1.0,1.0,1.0,1.0,1.0,1.0,1.0,1.0,1.0,1.0,1.0,1.0,3.0,1.0,1.0,1.0,1.0,1.0,3.0,3.0,3.0,3.0,3.0,3.0,3.0,2.0,2.0,3.0,2.0,3.0,3.0,3.0,2.0,2.0,2.0,2.0,2.0,3.0,3.0,3.0,3.0,4.0,3.0,3.0,2.0,2.0,2.0,3.0,3.0,2.0,2.0,2.0,2.0,1.0,2.0,2.0,2.0,2.0,2.0,2.0,2.0,3.0,3.0,0,1,0,0,0,0,0,3.0,3.0,3.0,4.0,4.0,4.0,2.0,4.0,3.0,2.0,3.0,0,1,0,0,1,1,26.0,69.0,1.0,6.0,2.0,2.0,4.0,15.0,0,1,2단계_부분_적응,1,0,False,2,1
30445,일반국민,2025,1,0,0,0,1,0,0,3.0,3.0,3.0,2.0,2.0,3.0,3.0,1.0,1.0,1.0,1.0,1.0,1.0,1.0,4.0,3.0,1.0,4.0,4.0,1.0,1.0,1.0,1.0,2.0,1.0,1.0,1.0,4.0,3.0,3.0,4.0,4.0,4.0,2.0,4.0,3.0,4.0,4.0,4.0,1.0,0.0,30.0,0.0,1.0,1.0,1.0,1.0,4.0,1.0,3.0,1.0,1.0,1.0,1.0,1.0,1.0,1.0,4.0,1.0,1.0,1.0,1.0,1.0,1.0,1.0,1.0,4.0,1.0,2.0,1.0,1.0,1.0,1.0,1.0,1.0,1.0,1.0,1.0,1.0,1.0,1.0,1.0,1.0,1.0,1.0,1.0,1.0,1.0,1.0,1.0,1.0,1.0,1.0,2.0,1.0,1.0,1.0,1.0,1.0,3.0,3.0,4.0,3.0,4.0,4.0,3.0,4.0,3.0,3.0,3.0,4.0,3.0,3.0,3.0,4.0,3.0,3.0,3.0,2.0,1.0,3.0,3.0,2.0,2.0,3.0,1.0,1.0,2.0,2.0,2.0,1.0,2.0,3.0,3.0,4.0,2.0,3.0,3.0,4.0,3.0,3.0,3.0,3.0,3.0,0,0,0,0,0,0,0,4.0,4.0,3.0,4.0,4.0,4.0,4.0,3.0,3.0,4.0,4.0,0,1,0,0,8,10,25.0,6.0,2.0,6.0,2.0,1.0,2.0,15.0,0,1,2단계_부분_적응,1,0,False,2,1
30488,고령층,2024,0,0,1,0,1,0,0,3.0,2.0,2.0,4.0,2.0,3.0,1.0,2.0,3.0,2.0,2.0,2.0,2.0,1.0,3.0,4.0,2.0,3.0,3.0,2.0,3.0,3.0,2.0,2.0,1.0,2.0,3.0,3.0,3.0,2.0,2.0,2.0,2.0,2.0,2.0,1.0,2.0,2.0,2.0,1.0,0.0,30.0,2.0,1.0,1.0,2.0,2.0,3.0,1.0,3.0,2.0,1.0,2.0,1.0,2.0,1.0,1.0,3.0,1.0,2.0,1.0,1.0,1.0,1.0,1.0,2.0,3.0,2.0,2.0,2.0,2.0,1.0,1.0,1.0,2.0,2.0,1.0,3.0,1.0,1.0,1.0,1.0,1.0,1.0,1.0,1.0,1.0,1.0,1.0,2.0,1.0,2.0,2.0,2.0,2.0,1.0,1.0,1.0,1.0,2.0,3.0,3.0,3.0,3.0,3.0,2.0,1.0,3.0,3.0,3.0,3.0,3.0,3.0,3.0,2.0,2.0,2.0,3.0,2.0,2.0,2.0,2.0,3.0,3.0,3.0,2.0,2.0,2.0,2.0,2.0,2.0,2.0,2.0,2.0,2.0,2.0,1.0,2.0,3.0,2.0,2.0,3.0,3.0,3.0,0,0,0,0,0,0,0,3.0,3.0,3.0,3.0,3.0,4.0,2.0,3.0,2.0,2.0,3.0,1,1,0,0,4,6,21.0,60.0,2.0,5.0,3.0,2.0,6.0,9.0,0,1,2단계_부분_적응,1,0,False,2,1
30579,일반국민,2025,0,0,1,0,1,1,1,3.0,4.0,2.0,3.0,3.0,3.0,1.0,2.0,2.0,2.0,2.0,2.0,2.0,2.0,3.0,3.0,2.0,3.0,3.0,1.0,3.0,3.0,1.0,1.0,1.0,1.0,3.0,3.0,3.0,3.0,2.0,2.0,1.0,1.0,1.0,2.0,2.0,2.0,2.0,1.0,0.0,30.0,0.0,1.0,1.0,1.0,1.0,4.0,2.0,3.0,2.0,1.0,1.0,1.0,1.0,1.0,1.0,4.0,2.0,2.0,1.0,1.0,1.0,1.0,1.0,1.0,4.0,2.0,3.0,3.0,3.0,1.0,1.0,1.0,1.0,1.0,1.0,2.0,2.0,1.0,1.0,1.0,1.0,2.0,2.0,1.0,1.0,1.0,1.0,1.0,1.0,2.0,2.0,2.0,2.0,2.0,1.0,1.0,1.0,3.0,3.0,3.0,3.0,3.0,3.0,3.0,3.0,3.0,3.0,3.0,3.0,3.0,3.0,3.0,2.0,2.0,2.0,2.0,3.0,3.0,3.0,3.0,3.0,3.0,3.0,3.0,3.0,3.0,3.0,3.0,3.0,1.0,2.0,2.0,2.0,2.0,2.0,2.0,2.0,2.0,2.0,2.0,2.0,2.0,0,0,0,0,0,0,0,3.0,3.0,3.0,3.0,3.0,3.0,3.0,3.0,3.0,3.0,3.0,1,1,0,0,2,5,12.0,6.0,1.0,14.0,4.0,3.0,6.0,16.0,0,1,2단계_부분_적응,1,0,False,2,1
30648,일반국민,2024,0,1,0,1,1,0,1,2.0,3.0,2.0,3.0,3.0,4.0,2.0,2.0,2.0,2.0,3.0,3.0,2.0,3.0,4.0,4.0,3.0,3.0,2.0,2.0,3.0,4.0,2.0,4.0,3.0,3.0,4.0,4.0,4.0,3.0,3.0,3.0,2.0,2.0,2.0,2.0,4.0,2.0,2.0,1.0,0.0,30.0,0.0,2.0,2.0,2.0,1.0,3.0,3.0,4.0,2.0,2.0,2.0,2.0,2.0,2.0,3.0,4.0,3.0,2.0,2.0,2.0,2.0,1.0,2.0,1.0,4.0,4.0,4.0,3.0,2.0,2.0,2.0,3.0,4.0,2.0,2.0,4.0,4.0,2.0,1.0,1.0,2.0,2.0,2.0,3.0,3.0,2.0,1.0,1.0,1.0,2.0,2.0,2.0,2.0,3.0,2.0,4.0,2.0,4.0,4.0,4.0,4.0,3.0,4.0,4.0,3.0,4.0,3.0,3.0,4.0,4.0,4.0,4.0,4.0,4.0,4.0,4.0,4.0,4.0,3.0,4.0,4.0,3.0,3.0,2.0,4.0,3.0,4.0,4.0,3.0,1.0,4.0,4.0,3.0,4.0,3.0,3.0,4.0,3.0,4.0,3.0,3.0,4.0,0,0,0,0,0,0,0,4.0,3.0,3.0,3.0,4.0,4.0,4.0,3.0,3.0,4.0,2.0,0,0,1,1,4,12,17.0,35.0,2.0,3.0,4.0,2.0,6.0,8.0,0,1,2단계_부분_적응,1,2,False,2,3
30653,일반국민,2024,0,0,0,0,1,0,0,2.0,2.0,3.0,2.0,2.0,1.0,1.0,3.0,3.0,2.0,2.0,2.0,1.0,1.0,2.0,3.0,2.0,2.0,2.0,3.0,2.0,3.0,2.0,3.0,2.0,3.0,4.0,3.0,3.0,3.0,2.0,1.0,2.0,1.0,2.0,2.0,1.0,2.0,2.0,1.0,0.0,24.0,0.0,1.0,1.0,1.0,1.0,3.0,1.0,1.0,1.0,1.0,1.0,1.0,1.0,1.0,1.0,4.0,2.0,2.0,1.0,1.0,1.0,1.0,1.0,1.0,3.0,4.0,4.0,1.0,1.0,1.0,1.0,2.0,2.0,1.0,1.0,1.0,1.0,1.0,1.0,1.0,1.0,2.0,2.0,2.0,2.0,1.0,1.0,1.0,1.0,2.0,1.0,1.0,1.0,2.0,3.0,2.0,2.0,2.0,2.0,3.0,3.0,2.0,2.0,3.0,3.0,2.0,3.0,2.0,3.0,4.0,3.0,4.0,4.0,3.0,4.0,3.0,3.0,4.0,4.0,3.0,4.0,3.0,4.0,3.0,3.0,4.0,3.0,4.0,3.0,2.0,3.0,3.0,2.0,2.0,3.0,3.0,2.0,3.0,2.0,2.0,3.0,3.0,0,0,1,1,0,0,0,3.0,4.0,3.0,4.0,3.0,3.0,4.0,3.0,3.0,4.0,4.0,0,1,0,0,2,4,15.0,51.0,2.0,7.0,3.0,1.0,3.0,12.0,0,1,2단계_부분_적응,1,0,False,2,1
30705,농어민,2025,0,1,1,0,1,0,0,2.0,2.0,3.0,2.0,2.0,2.0,1.0,2.0,3.0,3.0,3.0,3.0,3.0,3.0,3.0,3.0,1.0,1.0,3.0,1.0,3.0,2.0,3.0,2.0,3.0,2.0,3.0,1.0,3.0,3.0,2.0,2.0,1.0,2.0,1.0,2.0,1.0,1.0,2.0,1.0,10.0,30.0,0.0,2.0,1.0,1.0,1.0,3.0,2.0,4.0,2.0,1.0,1.0,1.0,1.0,2.0,1.0,2.0,3.0,1.0,1.0,1.0,1.0,1.0,1.0,1.0,2.0,3.0,2.0,3.0,3.0,1.0,1.0,1.0,1.0,1.0,1.0,1.0,1.0,1.0,1.0,1.0,1.0,1.0,1.0,1.0,1.0,1.0,1.0,1.0,1.0,1.0,1.0,1.0,1.0,2.0,1.0,2.0,3.0,1.0,2.0,3.0,2.0,2.0,3.0,2.0,2.0,3.0,2.0,2.0,3.0,4.0,3.0,3.0,2.0,3.0,3.0,2.0,3.0,3.0,2.0,3.0,2.0,3.0,3.0,2.0,3.0,4.0,4.0,2.0,2.0,1.0,2.0,3.0,2.0,3.0,2.0,3.0,4.0,2.0,2.0,2.0,2.0,2.0,0,0,0,0,0,0,0,3.0,4.0,2.0,3.0,2.0,4.0,3.0,2.0,2.0,2.0,3.0,0,1,1,0,2,7,25.0,3.0,1.0,6.0,3.0,2.0,5.0,1.0,0,1,2단계_부분_적응,1,0,False,2,1
30857,장애인,2025,1,0,0,0,1,0,0,2.0,2.0,2.0,3.0,2.0,1.0,1.0,2.0,3.0,2.0,3.0,3.0,2.0,2.0,3.0,2.0,3.0,3.0,2.0,3.0,2.0,2.0,1.0,2.0,2.0,2.0,3.0,2.0,3.0,3.0,2.0,2.0,2.0,2.0,2.0,2.0,3.0,3.0,2.0,1.0,20.0,30.0,0.0,2.0,1.0,3.0,3.0,2.0,1.0,3.0,2.0,1.0,1.0,2.0,2.0,2.0,1.0,3.0,2.0,2.0,2.0,2.0,2.0,1.0,1.0,1.0,2.0,3.0,1.0,1.0,1.0,1.0,1.0,1.0,1.0,1.0,1.0,1.0,1.0,1.0,1.0,1.0,1.0,1.0,1.0,1.0,1.0,1.0,1.0,1.0,1.0,1.0,1.0,1.0,1.0,1.0,1.0,1.0,1.0,3.0,3.0,3.0,4.0,3.0,4.0,3.0,3.0,3.0,3.0,3.0,3.0,4.0,3.0,3.0,3.0,3.0,4.0,3.0,2.0,3.0,3.0,3.0,3.0,3.0,2.0,3.0,2.0,3.0,3.0,3.0,2.0,1.0,2.0,3.0,2.0,2.0,3.0,3.0,3.0,3.0,3.0,3.0,3.0,3.0,0,0,0,0,0,0,0,3.0,3.0,3.0,3.0,3.0,3.0,4.0,3.0,3.0,3.0,2.0,0,1,0,0,4,7,11.0,1.0,2.0,12.0,1.0,2.0,7.0,16.0,0,1,2단계_부분_적응,1,0,False,2,1
30869,장애인,2025,0,1,0,0,1,1,1,3.0,3.0,2.0,4.0,3.0,4.0,4.0,1.0,1.0,1.0,1.0,1.0,3.0,1.0,3.0,2.0,3.0,3.0,3.0,2.0,3.0,2.0,3.0,2.0,1.0,2.0,3.0,3.0,3.0,3.0,2.0,3.0,2.0,3.0,2.0,2.0,1.0,2.0,2.0,1.0,0.0,30.0,0.0,1.0,2.0,1.0,3.0,2.0,2.0,1.0,1.0,1.0,1.0,1.0,1.0,1.0,3.0,3.0,2.0,1.0,1.0,1.0,1.0,1.0,1.0,1.0,2.0,3.0,3.0,1.0,1.0,1.0,1.0,2.0,2.0,1.0,1.0,3.0,2.0,1.0,1.0,1.0,1.0,1.0,3.0,2.0,1.0,1.0,1.0,1.0,1.0,1.0,1.0,1.0,1.0,2.0,2.0,1.0,2.0,3.0,3.0,3.0,3.0,2.0,3.0,4.0,3.0,2.0,3.0,2.0,3.0,2.0,3.0,2.0,2.0,2.0,3.0,3.0,2.0,3.0,2.0,3.0,4.0,3.0,1.0,2.0,1.0,1.0,2.0,2.0,1.0,1.0,2.0,3.0,2.0,2.0,2.0,1.0,2.0,3.0,2.0,3.0,3.0,2.0,0,0,0,0,0,0,0,2.0,3.0,2.0,1.0,2.0,2.0,3.0,2.0,3.0,2.0,4.0,0,1,1,0,2,6,28.0,3.0,1.0,14.0,3.0,2.0,3.0,9.0,0,1,2단계_부분_적응,1,0,False,2,1
30943,농어민,2025,0,0,0,0,1,0,0,1.0,1.0,2.0,4.0,3.0,2.0,4.0,3.0,3.0,3.0,3.0,1.0,1.0,1.0,4.0,3.0,3.0,4.0,3.0,1.0,3.0,4.0,1.0,1.0,1.0,1.0,3.0,4.0,4.0,4.0,2.0,1.0,1.0,1.0,1.0,1.0,1.0,1.0,1.0,1.0,0.0,30.0,0.0,1.0,1.0,1.0,1.0,4.0,1.0,3.0,1.0,1.0,1.0,1.0,1.0,1.0,1.0,4.0,1.0,1.0,1.0,1.0,1.0,1.0,1.0,1.0,4.0,3.0,4.0,3.0,3.0,1.0,1.0,1.0,2.0,1.0,1.0,4.0,1.0,1.0,1.0,1.0,1.0,1.0,1.0,1.0,1.0,1.0,1.0,1.0,1.0,1.0,1.0,3.0,3.0,1.0,1.0,1.0,1.0,4.0,3.0,3.0,3.0,3.0,3.0,2.0,4.0,2.0,2.0,3.0,4.0,4.0,4.0,3.0,2.0,2.0,2.0,3.0,4.0,3.0,4.0,4.0,3.0,3.0,3.0,3.0,3.0,2.0,4.0,3.0,3.0,2.0,1.0,2.0,1.0,2.0,2.0,2.0,1.0,2.0,1.0,1.0,4.0,3.0,1,1,1,0,1,0,0,3.0,4.0,3.0,3.0,2.0,3.0,3.0,4.0,4.0,3.0,1.0,1,1,0,0,4,4,18.0,5.0,2.0,6.0,2.0,1.0,2.0,17.0,0,1,2단계_부분_적응,1,0,False,2,1
31054,장애인,2025,1,0,1,0,1,0,0,2.0,3.0,3.0,1.0,1.0,3.0,1.0,3.0,2.0,2.0,2.0,2.0,2.0,3.0,2.0,3.0,2.0,3.0,3.0,3.0,2.0,3.0,2.0,2.0,2.0,2.0,2.0,2.0,2.0,2.0,2.0,2.0,2.0,2.0,2.0,2.0,2.0,2.0,2.0,2.0,0.0,0.0,0.0,1.0,1.0,1.0,1.0,3.0,2.0,3.0,1.0,1.0,1.0,1.0,1.0,1.0,2.0,3.0,2.0,2.0,1.0,1.0,1.0,1.0,1.0,1.0,3.0,3.0,3.0,2.0,2.0,1.0,1.0,2.0,2.0,1.0,1.0,3.0,2.0,1.0,1.0,1.0,1.0,2.0,1.0,1.0,1.0,1.0,1.0,1.0,1.0,1.0,1.0,2.0,2.0,2.0,1.0,1.0,1.0,3.0,3.0,2.0,2.0,2.0,2.0,2.0,3.0,2.0,3.0,3.0,3.0,2.0,2.0,2.0,2.0,2.0,2.0,2.0,2.0,2.0,3.0,3.0,3.0,3.0,3.0,3.0,2.0,2.0,3.0,3.0,2.0,2.0,3.0,2.0,2.0,2.0,2.0,2.0,2.0,2.0,2.0,2.0,3.0,2.0,0,0,0,0,0,0,0,3.0,3.0,3.0,2.0,3.0,2.0,3.0,2.0,2.0,2.0,3.0,1,1,0,0,7,10,19.0,6.0,1.0,9997.0,2.0,2.0,2.0,13.0,0,1,2단계_부분_적응,1,0,False,2,1
31058,일반국민,2025,1,1,0,0,1,1,1,3.0,3.0,4.0,4.0,4.0,3.0,2.0,4.0,4.0,4.0,4.0,4.0,4.0,4.0,4.0,4.0,4.0,4.0,4.0,4.0,4.0,4.0,4.0,3.0,3.0,3.0,4.0,4.0,4.0,4.0,3.0,3.0,3.0,3.0,3.0,3.0,3.0,3.0,3.0,1.0,5.0,30.0,5.0,2.0,1.0,2.0,3.0,2.0,2.0,2.0,2.0,2.0,2.0,2.0,2.0,2.0,2.0,4.0,2.0,2.0,2.0,3.0,3.0,3.0,3.0,3.0,3.0,4.0,4.0,3.0,3.0,1.0,1.0,1.0,1.0,2.0,2.0,2.0,2.0,1.0,1.0,1.0,1.0,1.0,1.0,1.0,1.0,2.0,1.0,1.0,1.0,2.0,2.0,2.0,2.0,3.0,1.0,1.0,1.0,1.0,3.0,3.0,3.0,3.0,3.0,3.0,3.0,3.0,3.0,3.0,4.0,4.0,3.0,3.0,3.0,3.0,3.0,4.0,2.0,3.0,3.0,4.0,4.0,4.0,3.0,3.0,3.0,3.0,3.0,3.0,4.0,1.0,3.0,3.0,3.0,2.0,3.0,3.0,3.0,2.0,2.0,3.0,3.0,2.0,0,0,0,0,0,0,0,3.0,3.0,3.0,4.0,3.0,3.0,4.0,3.0,3.0,3.0,3.0,0,0,0,1,5,15,24.0,4.0,1.0,5.0,4.0,9997.0,6.0,9.0,0,1,2단계_부분_적응,1,2,False,2,3
31069,고령층,2024,0,0,0,0,1,0,0,2.0,2.0,3.0,1.0,1.0,1.0,1.0,2.0,1.0,1.0,1.0,2.0,1.0,1.0,3.0,3.0,2.0,3.0,3.0,1.0,1.0,3.0,2.0,3.0,1.0,1.0,4.0,3.0,3.0,3.0,2.0,3.0,2.0,3.0,2.0,2.0,3.0,2.0,2.0,1.0,0.0,23.0,0.0,1.0,1.0,1.0,1.0,3.0,1.0,1.0,1.0,1.0,1.0,1.0,1.0,1.0,1.0,3.0,1.0,1.0,1.0,1.0,1.0,1.0,1.0,1.0,3.0,4.0,1.0,1.0,1.0,1.0,1.0,2.0,2.0,1.0,1.0,2.0,1.0,1.0,1.0,1.0,1.0,2.0,2.0,3.0,2.0,1.0,2.0,1.0,1.0,3.0,2.0,3.0,2.0,3.0,4.0,3.0,4.0,3.0,3.0,4.0,3.0,3.0,4.0,3.0,3.0,4.0,3.0,3.0,3.0,4.0,3.0,4.0,4.0,3.0,4.0,3.0,3.0,3.0,4.0,3.0,4.0,4.0,3.0,3.0,3.0,3.0,4.0,3.0,4.0,2.0,3.0,4.0,3.0,4.0,4.0,3.0,3.0,4.0,4.0,3.0,3.0,4.0,0,0,1,0,0,1,0,3.0,4.0,3.0,4.0,3.0,3.0,4.0,3.0,3.0,4.0,4.0,1,1,0,0,2,2,15.0,65.0,1.0,7.0,3.0,2.0,4.0,12.0,0,1,2단계_부분_적응,1,0,False,2,1
31212,일반국민,2025,0,0,1,0,1,0,0,2.0,4.0,3.0,4.0,4.0,2.0,2.0,1.0,1.0,1.0,1.0,1.0,1.0,1.0,2.0,2.0,2.0,2.0,1.0,2.0,2.0,3.0,3.0,3.0,3.0,2.0,3.0,3.0,3.0,3.0,3.0,4.0,4.0,4.0,4.0,4.0,3.0,3.0,3.0,1.0,20.0,30.0,5.0,4.0,3.0,3.0,1.0,3.0,3.0,3.0,1.0,2.0,2.0,2.0,2.0,2.0,3.0,2.0,2.0,2.0,1.0,2.0,3.0,2.0,3.0,3.0,2.0,1.0,1.0,1.0,1.0,2.0,1.0,2.0,2.0,2.0,1.0,3.0,3.0,2.0,1.0,1.0,1.0,2.0,3.0,3.0,3.0,2.0,1.0,1.0,2.0,3.0,3.0,3.0,3.0,2.0,1.0,2.0,2.0,3.0,3.0,3.0,4.0,4.0,4.0,3.0,3.0,3.0,3.0,3.0,3.0,4.0,4.0,4.0,3.0,4.0,4.0,4.0,3.0,3.0,4.0,4.0,3.0,3.0,3.0,3.0,3.0,4.0,3.0,3.0,3.0,1.0,3.0,3.0,4.0,4.0,3.0,4.0,4.0,3.0,4.0,3.0,4.0,3.0,0,0,0,0,0,0,0,4.0,4.0,3.0,4.0,4.0,4.0,4.0,4.0,4.0,4.0,4.0,0,0,1,1,5,12,23.0,2.0,2.0,3.0,4.0,3.0,3.0,3.0,0,1,2단계_부분_적응,1,2,False,2,3
