feature,used_for_kmeans,used_for_models,label
Q1_1,TRUE,TRUE,문1. 필요시 이용 가능한 PC 보유율_1)데스크탑
Q1_2,TRUE,TRUE,문1. 필요시 이용 가능한 PC 보유율_2)노트북
Q2K2_1,TRUE,TRUE,문2. 모바일기기 보유율_2)스마트패드
Q2K2_2,TRUE,TRUE,문2. 모바일기기 보유율_3)스마트 주변기기
Q3,TRUE,TRUE,문3. 가구 내 인터넷 이용 가능 여부
Q4B_1_1,TRUE,TRUE,문4. 결합상품 가입 여부_유무선 인터넷
Q4B_2_1,TRUE,TRUE,문4. 결합상품 가입 여부_모바일 이동통신
Q4C_1,TRUE,TRUE,문4. 이용요금 부담 정도_유무선 인터넷 이용료
Q4C_2,TRUE,TRUE,문4. 이용요금 부담 정도_모바일 이동통신 이용료
Q5_1,TRUE,TRUE,문5. 디지털기기 이용 시 문제 해결 방안- 스스로 문제를 해결
Q5_2,TRUE,TRUE,문5. 디지털기기 이용 시 문제 해결 방안- 가족 도움 요청
Q5_3,TRUE,TRUE,문5. 디지털기기 이용 시 문제 해결 방안- 친구 또는 지인 도움 요청
Q5_4,TRUE,TRUE,문5. 디지털기기 이용 시 문제 해결 방안- 전문 인력 이용
Q5_5,TRUE,TRUE,문5. 디지털기기 이용 시 문제 해결 방안- 정부나 공공기관 도움
Q6_1,TRUE,TRUE,문6. PC 이용 능력_1) 나는 필요한 프로그램(소프트웨어)을 컴퓨터에 설치/삭제/업데이트 할 수 있다
Q6_2,TRUE,TRUE,문6. PC 이용 능력_2) 나는 PC에 유선 또는 무선 인터넷을 스스로 연결해서 사용할 수 있다
Q6_3,TRUE,TRUE,"문6. PC 이용 능력_3) 나는 웹 브라우저(크롬, 사파리, 엣지, 웨일 등)에서 내가 원하는 환경을 설정할 수 있다"
Q6_4,TRUE,TRUE,"문6. PC 이용 능력_4) 나는 PC에 다양한 외장기기(디지털 카메라, 프린터, 스캐너, USB 외장하드 등)를 연결하여 이용할 수 있다"
Q6_5,TRUE,TRUE,문6. PC 이용 능력_5) 나는 PC에 있는 파일을 인터넷을 통해 다른 사람에게 전송할 수 있다
Q6_6,TRUE,TRUE,"문6. PC 이용 능력_6) 나는 PC의 악성코드(바이러스, 스파이웨어 등)를 검사/치료할 수 있다"
Q6_7,TRUE,TRUE,"문6. PC 이용 능력_7) 나는 PC에서 문서(한글, 엑셀, 파워포인트 등) 등을 작성할 수 있다"
Q7_1,TRUE,TRUE,문7. 모바일기기 이용 능력_1) 나는 스마트기기에서 디스플레이/소리/보안/알림/입력방법 등의 환경설정을 할 수 있다
Q7_2,TRUE,TRUE,"문7. 모바일기기 이용 능력_2) 나는 스마트기기에서 무선 랜(와이파이, 기가와이파이 포함) 설정을 할 수 있다"
Q7_3,TRUE,TRUE,문7. 모바일기기 이용 능력_3) 나는 스마트기기에 있는 파일을 PC로 옮길 수 있다
Q7_4,TRUE,TRUE,문7. 모바일기기 이용 능력_4) 나는 스마트기기에 있는 파일/사진 등을 다른 사람에게 전송할 수 있다
Q7_5,TRUE,TRUE,문7. 모바일기기 이용 능력_5) 나는 앱을 스마트기기에 설치/삭제/업데이트할 수 있다
Q7_6,TRUE,TRUE,"문7. 모바일기기 이용 능력_6) 나는 스마트기기의 악성코드(바이러스, 스파이웨어 등)를 검사/치료할 수 있다"
Q7_7,TRUE,TRUE,"문7. 모바일기기 이용 능력_7) 나는 스마트기기에서 문서(메모장, 워드)를 작성할 수 있다"
Q8_1,TRUE,TRUE,문8. 디지털 역량 진단지수 중 활용역량- 1) 스마트기기 도구용 앱 이용
Q8_2,TRUE,TRUE,문8. 디지털 역량 진단지수 중 활용역량- 2) 비대면 원격회의앱을 통해 회의 개최/참여
Q8_3,TRUE,TRUE,"문8. 디지털 역량 진단지수 중 활용역량- 3) 스마트워치, 스마트냉장고, 사물인터넷 기기 이용"
Q8_4,TRUE,TRUE,문8. 디지털 역량 진단지수 중 활용역량- 4) 디지털콘텐츠 파일 편집 또는 형식 변경
Q8_5,TRUE,TRUE,문8. 디지털 역량 진단지수 중 활용역량- 5) 과제나 업무를 위한 협업
Q8_6,TRUE,TRUE,문8. 디지털 역량 진단지수 중 활용역량- 6) 온라인 간편결제를 이용한 물건 구매
Q8_7,TRUE,TRUE,"문8. 디지털 역량 진단지수 중 활용역량- 7) 네비게이션, 온라인 지도서비스 및 교통정보 이용"
Q8_8,TRUE,TRUE,문8. 디지털 역량 진단지수 중 활용역량- 8) 키오스크 이용
Q8_9,TRUE,TRUE,문8. 디지털 역량 진단지수 중 활용역량- 9) 공인인증서 또는 휴대폰 인증 이용
Q9_1,TRUE,TRUE,문9. 디지털역량 진단지수 중 참여/예방/소양역량- 1) 커뮤니티를 찾아 참여
Q9_2,TRUE,TRUE,문9. 디지털역량 진단지수 중 참여/예방/소양역량- 2) 정치/사회 문제 토론 또는 온라인기반 사회/행정서비스로 의견 개진
Q9_3,TRUE,TRUE,문9. 디지털역량 진단지수 중 참여/예방/소양역량- 3) PC 및 스마트폰 보안설정
Q9_4,TRUE,TRUE,문9. 디지털역량 진단지수 중 참여/예방/소양역량- 4) 쿠키 및 방문기록 삭제
Q9_5,TRUE,TRUE,문9. 디지털역량 진단지수 중 참여/예방/소양역량- 5) 개인정보 및 게시글에 대한 공개범위 파악/설정
Q9_6,TRUE,TRUE,문9. 디지털역량 진단지수 중 참여/예방/소양역량- 6) 권리 침해 시 조치 또는 신고 방법 인지
Q9_7,TRUE,TRUE,문9. 디지털역량 진단지수 중 참여/예방/소양역량- 7) 검색을 통해 믿을만한 정보 찾기
Q9_8,TRUE,TRUE,문9. 디지털역량 진단지수 중 참여/예방/소양역량- 8) 가짜뉴스를 가려내기 위해 참고자료나 추가정보 검색
Q9_9,TRUE,TRUE,문9. 디지털역량 진단지수 중 참여/예방/소양역량- 9) 유해한 정보를 거리는 데 필요한 스마트폰의 설정변경 기능 사용
Q10,TRUE,TRUE,문10. 최근 인터넷 이용 시기
Q11_1,TRUE,TRUE,"문11. 최근 한 달 이용 일수_1) PC(데스크탑, 노트북)"
Q11_2,TRUE,TRUE,문11. 최근 한 달 이용 일수_2) 스마트폰
Q11_3,TRUE,TRUE,문11. 최근 한 달 이용 일수_3) 스마트패드(태블릿PC)
Q12A_1,TRUE,TRUE,"문12. 검색 및 이메일, 콘텐츠 서비스 이용 비율_PC_1) 정보 및 뉴스 검색"
Q12A_2,TRUE,TRUE,"문12. 검색 및 이메일, 콘텐츠 서비스 이용 비율_PC_2) 이메일"
Q12A_3,TRUE,TRUE,"문12. 검색 및 이메일, 콘텐츠 서비스 이용 비율_PC_3) 미디어콘텐츠(영화/음악/전자책 등)"
Q12A_4,TRUE,TRUE,"문12. 검색 및 이메일, 콘텐츠 서비스 이용 비율_PC_4) 교육콘텐츠(각종 강좌/강의수강 등)"
Q12B_1,TRUE,TRUE,"문12. 검색 및 이메일, 콘텐츠 서비스 이용 비율_모바일_1) 정보 및 뉴스 검색"
Q12B_2,TRUE,TRUE,"문12. 검색 및 이메일, 콘텐츠 서비스 이용 비율_모바일_2) 이메일"
Q12B_3,TRUE,TRUE,"문12. 검색 및 이메일, 콘텐츠 서비스 이용 비율_모바일_3) 미디어콘텐츠(영화/음악/전자책 등)"
Q12B_4,TRUE,TRUE,"문12. 검색 및 이메일, 콘텐츠 서비스 이용 비율_모바일_4) 교육콘텐츠(각종 강좌/강의수강 등)"
Q13A_1,TRUE,TRUE,문13. 사회적 관계 서비스 이용 비율_PC_1) SNS
Q13A_2,TRUE,TRUE,문13. 사회적 관계 서비스 이용 비율_PC_2) 메신저
Q13A_3,TRUE,TRUE,문13. 사회적 관계 서비스 이용 비율_PC_3) 개인 블로그
Q13A_4,TRUE,TRUE,문13. 사회적 관계 서비스 이용 비율_PC_4) 커뮤니티
Q13A_5,TRUE,TRUE,문13. 사회적 관계 서비스 이용 비율_PC_5) 클라우드 서비스
Q13B_1,TRUE,TRUE,문13. 사회적 관계 서비스 이용 비율_모바일_1) SNS
Q13B_2,TRUE,TRUE,문13. 사회적 관계 서비스 이용 비율_모바일_2) 메신저
Q13B_3,TRUE,TRUE,문13. 사회적 관계 서비스 이용 비율_모바일_3) 개인 블로그
Q13B_4,TRUE,TRUE,문13. 사회적 관계 서비스 이용 비율_모바일_4) 커뮤니티
Q13B_5,TRUE,TRUE,문13. 사회적 관계 서비스 이용 비율_모바일_5) 클라우드 서비스
Q14A_1,TRUE,TRUE,문14. 생활 서비스 이용 비율_PC_1) 생활정보서비스
Q14A_2,TRUE,TRUE,문14. 생활 서비스 이용 비율_PC_2) 전자상거래서비스
Q14A_3,TRUE,TRUE,문14. 생활 서비스 이용 비율_PC_3) 금융거래서비스
Q14A_4,TRUE,TRUE,문14. 생활 서비스 이용 비율_PC_4) 공공서비스
Q14A_5,TRUE,TRUE,문14. 생활 서비스 이용 비율_PC_5) 디지털헬스케어서비스
Q14B_1,TRUE,TRUE,문14. 생활 서비스 이용 비율_모바일_1) 생활정보서비스
Q14B_2,TRUE,TRUE,문14. 생활 서비스 이용 비율_모바일_2) 전자상거래서비스
Q14B_3,TRUE,TRUE,문14. 생활 서비스 이용 비율_모바일_3) 금융거래서비스
Q14B_4,TRUE,TRUE,문14. 생활 서비스 이용 비율_모바일_4) 공공서비스
Q14B_5,TRUE,TRUE,문14. 생활 서비스 이용 비율_모바일_5) 디지털헬스케어서비스
Q15A_1,TRUE,TRUE,문15. 정보생산 공유 비율_PC_1) 직접 만들거나 다른 사람이 만든 것을 수정/편집한 콘텐츠
Q15A_2,TRUE,TRUE,문15. 정보생산 공유 비율_PC_2) 인터넷에서 본 콘텐츠(정보/지식/뉴스/동영상/사진 등)를 올리거나 링크를 공유한 적이 있다
Q15B_1,TRUE,TRUE,문15. 정보생산 공유 비율_모바일_1) 직접 만들거나 다른 사람이 만든 것을 수정/편집한 콘텐츠
Q15B_2,TRUE,TRUE,문15. 정보생산 공유 비율_모바일_2) 인터넷에서 본 콘텐츠(정보/지식/뉴스/동영상/사진 등)를 올리거나 링크를 공유한 적이 있다
Q16A_1,TRUE,TRUE,문16. 네트워킹 비율_PC_1) 나는 기존에 알던 사람들과 관계를 유지하고 더 친밀해지기 위해서 인터넷을 이용한 적이 있다
Q16A_2,TRUE,TRUE,문16. 네트워킹 비율_PC_2) 나는 새로운 사람들을 알게 되고 소통하기 위해 인터넷을 이용한 적이 있다
Q16B_1,TRUE,TRUE,문16. 네트워킹 비율_모바일_1) 나는 기존에 알던 사람들과 관계를 유지하고 더 친밀해지기 위해서 인터넷을 이용한 적이 있다
Q16B_2,TRUE,TRUE,문16. 네트워킹 비율_모바일_2) 나는 새로운 사람들을 알게 되고 소통하기 위해 인터넷을 이용한 적이 있다
Q17A_1,TRUE,TRUE,"문17. 사회참여 비율_PC_1) 나는 인터넷을 통해 사회적 관심사(공공이슈)에 대해 의견 표명을 한 적이 있다 (댓글 작성, 게시판 글 게시, 토론 등)"
Q17A_2,TRUE,TRUE,"문17. 사회참여 비율_PC_2) 나는 인터넷을 통해 정부/지자체/공공기관에 정책제안이나 건의, 정책평가, 민원제기 등을 한 적이 있다"
Q17A_3,TRUE,TRUE,문17. 사회참여 비율_PC_3) 나는 인터넷을 통해 기부(금전/재능)나 봉사 활동을 한 적이 있다
Q17A_4,TRUE,TRUE,"문17. 사회참여 비율_PC_4) 나는 인터넷을 통해 온라인 투표나 여론조사, 서명 등에 참여한 적이 있다"
Q17B_1,TRUE,TRUE,"문17. 사회참여 비율_모바일_1) 나는 인터넷을 통해 사회적 관심사(공공이슈)에 대해 의견 표명을 한 적이 있다 (댓글 작성, 게시판 글 게시, 토론 등)"
Q17B_2,TRUE,TRUE,"문17. 사회참여 비율_모바일_2) 나는 인터넷을 통해 정부/지자체/공공기관에 정책제안이나 건의, 정책평가, 민원제기 등을 한 적이 있다"
Q17B_3,TRUE,TRUE,문17. 사회참여 비율_모바일_3) 나는 인터넷을 통해 기부(금전/재능)나 봉사 활동을 한 적이 있다
Q17B_4,TRUE,TRUE,"문17. 사회참여 비율_모바일_4) 나는 인터넷을 통해 온라인 투표나 여론조사, 서명 등에 참여한 적이 있다"
Q18A_1,TRUE,TRUE,문18. 경제활동 비율_PC_1) 나는 인터넷을 통해 취업이나 이직(승진)에 도움이 되는 활동을 한 적이 있다
Q18A_2,TRUE,TRUE,"문18. 경제활동 비율_PC_2) 나는 인터넷을 통해 창업이나 사업에 도움이 되는 마케팅 활동(홍보, 광고, 판촉, 프로모션 등)을 한 적이 있다"
Q18A_3,TRUE,TRUE,"문18. 경제활동 비율_PC_3) 나는 인터넷을 통해 소득증대(유지)에 도움이 되는 관련 정보검색/습득, 재테크 등의 활동을 한 적이 있다"
Q18A_4,TRUE,TRUE,"문18. 경제활동 비율_PC_4) 나는 인터넷을 통해 비용절감에 도움이 되는 활동(공동구매, 해외직접구매, 가격비교 등)을 한 적이 있다"
Q18B_1,TRUE,TRUE,문18. 경제활동 비율_모바일_1) 나는 인터넷을 통해 취업이나 이직(승진)에 도움이 되는 활동을 한 적이 있다
Q18B_2,TRUE,TRUE,"문18. 경제활동 비율_모바일_2) 나는 인터넷을 통해 창업이나 사업에 도움이 되는 마케팅 활동(홍보, 광고, 판촉, 프로모션 등)을 한 적이 있다"
Q18B_3,TRUE,TRUE,"문18. 경제활동 비율_모바일_3) 나는 인터넷을 통해 소득증대(유지)에 도움이 되는 관련 정보검색/습득, 재테크 등의 활동을 한 적이 있다"
Q18B_4,TRUE,TRUE,"문18. 경제활동 비율_모바일_4) 나는 인터넷을 통해 비용절감에 도움이 되는 활동(공동구매, 해외직접구매, 가격비교 등)을 한 적이 있다"
Q19_1,TRUE,TRUE,문19. 심화 디지털 기술 서비스 이용 비율_1) 생성형 AI 서비스
Q19_2,TRUE,TRUE,문19. 심화 디지털 기술 서비스 이용 비율_2) 블록체인 기반 서비스
Q19_3,TRUE,TRUE,문19. 심화 디지털 기술 서비스 이용 비율_3) 사물인터넷 기반 서비스
Q19_4,TRUE,TRUE,문19. 심화 디지털 기술 서비스 이용 비율_4) 가상/증강현실 적용 서비스
Q19_5,TRUE,TRUE,문19. 심화 디지털 기술 서비스 이용 비율_5) 터치스크린 기반 무인정보단말기(키오스크)
Q20_1,FALSE,FALSE,문20. 사회적 자본 관련_1) 사람들 중에 내 문제를 해결하는 데 도움을 줄 수 있는 사람이 있다
Q20_2,FALSE,FALSE,문20. 사회적 자본 관련_2) 사람들 중에 매우 중요한 결정을 내릴 때 조언을 구할 수 있는 사람이 있다
Q20_3,FALSE,FALSE,문20. 사회적 자본 관련_3) 사람들 중에 긴밀한 사적인 문제에 대해 편안하게 이야기를 나눌 사람이 있다
Q20_4,FALSE,FALSE,문20. 사회적 자본 관련_4) 사람들 중에 나의 중요한 일을 맡길 수 있는 사람이 있다
Q20_5,FALSE,FALSE,문20. 사회적 자본 관련_5) 사람들은 내가 불의에 대하여 싸우는 것을 도와줄 것이다
Q20_6,FALSE,FALSE,문20. 사회적 자본 관련_6) 사람들과 교류하면서 내가 더 큰 세계에 연결되어 있다고 느끼게 된다
Q20_7,FALSE,FALSE,문20. 사회적 자본 관련_7) 사람들과 교류하면서 세상의 모든 사람들이 다 연결되어 있다고 느낀다
Q20_8,FALSE,FALSE,문20. 사회적 자본 관련_8) 나는 기꺼이 커뮤니티 활동에 시간을 보낼 의향이 있다
Q20_9,FALSE,FALSE,문20. 사회적 자본 관련_9) 사람들과 교류하면서 새로운 사람들과 대화할 수 있게 한다
Q20_10,FALSE,FALSE,문20. 사회적 자본 관련_10) 교류는 항상 새로운 사람들과 만날 수 있게 한다
Q21_1,FALSE,TRUE,문21. 디지털 기술에 대한 태도_1) 디지털 기술은 유용하다
Q21_2,FALSE,TRUE,문21. 디지털 기술에 대한 태도_2) 디지털 기술은 내 삶을 편리하게 한다
Q21_3,FALSE,TRUE,문21. 디지털 기술에 대한 태도_3) 디지털 기술은 나에게 좋은 것이다
Q21_4,FALSE,TRUE,문21. 디지털 기술에 대한 태도_4) 디지털 기술을 더 많이 이용하고 싶다
Q22_1,FALSE,TRUE,문22. 디지털 기기 이용 효능감_1) 나는 디지털 기기를 배우는데 자신이 있다
Q22_2,FALSE,TRUE,문22. 디지털 기기 이용 효능감_2) 나는 디지털 기기를 활용하는데 자신이 있다
Q22_3,FALSE,TRUE,문22. 디지털 기기 이용 효능감_3) 나는 새로운 디지털 기기의 사용방법을 빠르게 알아낼 수 있다
Q22_4,FALSE,TRUE,문22. 디지털 기기 이용 효능감_4) 디지털 기기를 더 많이 이용하고 싶다
Q23_1,FALSE,FALSE,문23. 일상생활 부문별 만족도_1) 여가(취미) 및 문화생활
Q23_2,FALSE,FALSE,문23. 일상생활 부문별 만족도_2) 경제적 여건(소득 및 자산)
Q23_3,FALSE,FALSE,"문23. 일상생활 부문별 만족도_3) 사회활동(커뮤니티, 모임, 공동체 참여 등)"
Q23_4,FALSE,FALSE,문23. 일상생활 부문별 만족도_4) 대인관계(알던 사람과의 관계유지 및 새로운 사람을 만나는 것)
Q23_5,FALSE,FALSE,문23. 일상생활 부문별 만족도_5) 가족관계
Q23_6,FALSE,FALSE,문23. 일상생활 부문별 만족도_6) 내가 하는 일(학업이나 업무활동 등)
Q23_7,FALSE,FALSE,문23. 일상생활 부문별 만족도_7) 신체 및 정신 건강
Q23_8,FALSE,FALSE,문23. 일상생활 부문별 만족도_8) 정치 및 정부 활동(각종 정책 등)
Q24_1,FALSE,FALSE,문24. 삶에 대한 만족도_1) 대부분의 경우에서 내 삶은 내 이상과 가깝다
Q24_2,FALSE,FALSE,문24. 삶에 대한 만족도_2) 내 삶의 조건들은 매우 우수하다
Q24_3,FALSE,FALSE,문24. 삶에 대한 만족도_3) 나는 내 삶에 만족한다
Q24_4,FALSE,FALSE,문24. 삶에 대한 만족도_4) 지금까지 나는 인생에서 내가 원하는 중요한 것들을 얻었다
Q24_5,FALSE,FALSE,"문24. 삶에 대한 만족도_5) 내 삶을 다시 산다면, 나는 거의 아무것도 바꾸지 않을 것이다"
Q25,FALSE,FALSE,문25. 인공지능 서비스 이용 경험 여부
Q26_1,FALSE,FALSE,문26. 인공지능 역량_1) AI가 적용된 기기와 아닌 기기 구별 가능
Q26_2,FALSE,FALSE,문26. 인공지능 역량_2) AI 기술로 어떤 도움을 받을 수 있는지 알고 있음
Q26_3,FALSE,FALSE,문26. 인공지능 역량_3)사용하는 애플리케이션과 제품에 적용된 AI 기술 식별 가능
Q26_4,FALSE,FALSE,문26. 인공지능 역량_4)AI 애플리케이션 또는 제품을 일상 업무에 능숙하게 활용
Q26_5,FALSE,FALSE,문26. 인공지능 역량_5)새로운 AI 애플리케이션이나 제품을 배우는 것이 어렵지 않음
Q26_6,FALSE,FALSE,문26. 인공지능 역량_6)AI 애플리케이션이나 제품을 사용하여 업무 효율성을 향상
Q26_7,FALSE,FALSE,문26. 인공지능 역량_7)AI 애플리케이션이나 제품을 일정기간 사용 후 기능과 한계 평가 가능
Q26_8,FALSE,FALSE,문26. 인공지능 역량_8)스마트 에이전트가 제공하는 솔루션 중 적절한 것 선택 가능
Q26_9,FALSE,FALSE,문26. 인공지능 역량_9)다양한 선택지 중 특정 작업에 적합한 AI 애플리케이션이나 제품 선택 가능
Q26_10,FALSE,FALSE,문26. 인공지능 역량_10)AI 관련 제품 사용 시 법률을 위반하지 않거나 다른 사람의 권리를 침해하지 않도록 노력
Q26_11,FALSE,FALSE,문26. 인공지능 역량_11)AI 관련 제품 사용 시 개인정보 보호나 정보보안 문제를 의식
Q26_12,FALSE,FALSE,문26. 인공지능 역량_12)AI의 잘못된 사용에 대해 경계
Q28_1,FALSE,FALSE,문28. 인공지능(AI)을 이용하지 않는 이유 1
Q28_2,FALSE,FALSE,문28. 인공지능(AI)을 이용하지 않는 이유 2
Q28_3,FALSE,FALSE,문28. 인공지능(AI)을 이용하지 않는 이유 3
Q28_4,FALSE,FALSE,문28. 인공지능(AI)을 이용하지 않는 이유 4
Q28_5,FALSE,FALSE,문28. 인공지능(AI)을 이용하지 않는 이유 5
Q28_6,FALSE,FALSE,문28. 인공지능(AI)을 이용하지 않는 이유 6
Q28_7,FALSE,FALSE,문28. 인공지능(AI)을 이용하지 않는 이유 7
Q29_1,FALSE,FALSE,문29. 인공지능 기술 관련 인식_1) 더욱 편리하고 좋은 디지털 서비스를 제공받을 수 있을 것
Q29_2,FALSE,FALSE,문29. 인공지능 기술 관련 인식_2) 개인정보침해 등 보안 위협이나 허위조작정보가 확산될 것이 우려
Q29_3,FALSE,FALSE,문29. 인공지능 기술 관련 인식_3) AI가 발전할수록 더욱 정확한 정보를 얻고 효율적인 결정을 내릴 수 있을 것
Q29_4,FALSE,FALSE,문29. 인공지능 기술 관련 인식_4) 기술의 편향으로 인해 특정 집단에 대한 차별이나 불공정을 야기할 것
Q29_5,FALSE,FALSE,문29. 인공지능 기술 관련 인식_5) AI 발전을 위한 정부와 기업의 지원이 강화되어야 함
Q29_6,FALSE,FALSE,문29. 인공지능 기술 관련 인식_6) AI 기술이 인간의 통제범위를 벗어나게 될 것이 우려됨
Q29_7,FALSE,FALSE,문29. 인공지능 기술 관련 인식_7) AI기술은 다양한 방면에서 더 많은 기회를 줄 것
Q29_8,FALSE,FALSE,"문29. 인공지능 기술 관련 인식_8) AI기술로 인한 혜택은 공정하게 배분되지 않으며, 빈부격차를 강화시킬 것"
Q29_9,FALSE,FALSE,문29. 인공지능 기술 관련 인식_9) 인류와 사회 전반에 긍정적인 영향을 줄 것
Q29_10,FALSE,FALSE,문29. 인공지능 기술 관련 인식_10) 내 삶에 긍정적인 영향을 줄 것
Q30,FALSE,FALSE,문30. 정보화교육 과정 인지 여부
Q31_1,FALSE,FALSE,문31. 정보화교육 과정 수요_1) 기초과정
Q31_2,FALSE,FALSE,문31. 정보화교육 과정 수요_2) 생활과정
Q31_3,FALSE,FALSE,문31. 정보화교육 과정 수요_3) 심화과정
Q31_4,FALSE,FALSE,문31. 정보화교육 과정 수요_4) 특별과정
AI_인지,TRUE,TRUE,(Q27A 합산)
AI_사용빈도,TRUE,TRUE,(Q27B 합산)
AI_도움정도,TRUE,TRUE,(Q27C 합산)
